{
  "type": "FeatureCollection",
  "features": [
    {
      "type": "Feature",
      "properties": {
        "id": 0,
        "area_km2": 2714.65,
        "isobath_min_m": 90.0,
        "isobath_max_m": 100.0,
        "reference": "Art. 5 ter al.2 (JORF 26/12/2019) + FRA g\u00e9om\u00e9trie arr\u00eat\u00e9 23/04/2018 art.1.2"
      },
      "geometry": {
        "type": "Polygon",
        "coordinates": [
          [
            [
              4.333,
              42.953500000000005
            ],
            [
              4.3325000000000005,
              42.954
            ],
            [
              4.332000000000001,
              42.954499999999996
            ],
            [
              4.331,
              42.954499999999996
            ],
            [
              4.33,
              42.954499999999996
            ],
            [
              4.3295,
              42.954
            ],
            [
              4.329000000000001,
              42.953500000000005
            ],
            [
              4.328,
              42.953500000000005
            ],
            [
              4.327500000000001,
              42.953
            ],
            [
              4.327,
              42.9525
            ],
            [
              4.3265,
              42.952
            ],
            [
              4.3265,
              42.951
            ],
            [
              4.3260000000000005,
              42.950500000000005
            ],
            [
              4.3255,
              42.95
            ],
            [
              4.325,
              42.9495
            ],
            [
              4.3245000000000005,
              42.949
            ],
            [
              4.3245000000000005,
              42.948
            ],
            [
              4.325,
              42.947500000000005
            ],
            [
              4.3255,
              42.947
            ],
            [
              4.3260000000000005,
              42.9465
            ],
            [
              4.3265,
              42.946
            ],
            [
              4.327,
              42.945499999999996
            ],
            [
              4.328,
              42.945499999999996
            ],
            [
              4.3285,
              42.945
            ],
            [
              4.3285,
              42.944
            ],
            [
              4.3285,
              42.943
            ],
            [
              4.3285,
              42.942
            ],
            [
              4.3285,
              42.941
            ],
            [
              4.3285,
              42.94
            ],
            [
              4.3285,
              42.939
            ],
            [
              4.328,
              42.938500000000005
            ],
            [
              4.327500000000001,
              42.938
            ],
            [
              4.327500000000001,
              42.937
            ],
            [
              4.327500000000001,
              42.936
            ],
            [
              4.327,
              42.935500000000005
            ],
            [
              4.3265,
              42.935
            ],
            [
              4.3260000000000005,
              42.9345
            ],
            [
              4.3255,
              42.934
            ],
            [
              4.325,
              42.933499999999995
            ],
            [
              4.324,
              42.933499999999995
            ],
            [
              4.323,
              42.933499999999995
            ],
            [
              4.322,
              42.933499999999995
            ],
            [
              4.321,
              42.933499999999995
            ],
            [
              4.3205,
              42.934
            ],
            [
              4.32,
              42.9345
            ],
            [
              4.319,
              42.9345
            ],
            [
              4.3185,
              42.934
            ],
            [
              4.3180000000000005,
              42.933499999999995
            ],
            [
              4.317500000000001,
              42.933
            ],
            [
              4.317,
              42.932500000000005
            ],
            [
              4.3165000000000004,
              42.932
            ],
            [
              4.316000000000001,
              42.9315
            ],
            [
              4.3155,
              42.931
            ],
            [
              4.316000000000001,
              42.930499999999995
            ],
            [
              4.3165000000000004,
              42.93
            ],
            [
              4.317,
              42.929500000000004
            ],
            [
              4.3180000000000005,
              42.929500000000004
            ],
            [
              4.3185,
              42.929
            ],
            [
              4.319,
              42.9285
            ],
            [
              4.32,
              42.9285
            ],
            [
              4.3205,
              42.928
            ],
            [
              4.3205,
              42.927
            ],
            [
              4.321,
              42.926500000000004
            ],
            [
              4.3215,
              42.926
            ],
            [
              4.321,
              42.9255
            ],
            [
              4.3205,
              42.925
            ],
            [
              4.3205,
              42.924
            ],
            [
              4.32,
              42.923500000000004
            ],
            [
              4.319,
              42.923500000000004
            ],
            [
              4.3180000000000005,
              42.923500000000004
            ],
            [
              4.317,
              42.923500000000004
            ],
            [
              4.3165000000000004,
              42.923
            ],
            [
              4.316000000000001,
              42.9225
            ],
            [
              4.315,
              42.9225
            ],
            [
              4.314,
              42.9225
            ],
            [
              4.3135,
              42.922
            ],
            [
              4.313000000000001,
              42.921499999999995
            ],
            [
              4.312,
              42.921499999999995
            ],
            [
              4.311,
              42.921499999999995
            ],
            [
              4.3105,
              42.922
            ],
            [
              4.3100000000000005,
              42.9225
            ],
            [
              4.309,
              42.9225
            ],
            [
              4.308,
              42.9225
            ],
            [
              4.307,
              42.9225
            ],
            [
              4.3065,
              42.923
            ],
            [
              4.306,
              42.923500000000004
            ],
            [
              4.3055,
              42.924
            ],
            [
              4.305,
              42.924499999999995
            ],
            [
              4.3045,
              42.925
            ],
            [
              4.304,
              42.9255
            ],
            [
              4.3035,
              42.926
            ],
            [
              4.303,
              42.926500000000004
            ],
            [
              4.3020000000000005,
              42.926500000000004
            ],
            [
              4.301,
              42.926500000000004
            ],
            [
              4.300000000000001,
              42.926500000000004
            ],
            [
              4.299,
              42.926500000000004
            ],
            [
              4.298,
              42.926500000000004
            ],
            [
              4.297000000000001,
              42.926500000000004
            ],
            [
              4.2965,
              42.927
            ],
            [
              4.296,
              42.927499999999995
            ],
            [
              4.295,
              42.927499999999995
            ],
            [
              4.2945,
              42.928
            ],
            [
              4.2940000000000005,
              42.9285
            ],
            [
              4.2935,
              42.929
            ],
            [
              4.293,
              42.929500000000004
            ],
            [
              4.2925,
              42.93
            ],
            [
              4.292,
              42.930499999999995
            ],
            [
              4.291,
              42.930499999999995
            ],
            [
              4.2905,
              42.931
            ],
            [
              4.29,
              42.9315
            ],
            [
              4.2895,
              42.932
            ],
            [
              4.289,
              42.932500000000005
            ],
            [
              4.2885,
              42.933
            ],
            [
              4.288,
              42.933499999999995
            ],
            [
              4.2875,
              42.934
            ],
            [
              4.2875,
              42.935
            ],
            [
              4.287,
              42.935500000000005
            ],
            [
              4.2865,
              42.936
            ],
            [
              4.2860000000000005,
              42.936499999999995
            ],
            [
              4.285500000000001,
              42.937
            ],
            [
              4.285,
              42.9375
            ],
            [
              4.2845,
              42.938
            ],
            [
              4.284000000000001,
              42.938500000000005
            ],
            [
              4.2835,
              42.939
            ],
            [
              4.283,
              42.939499999999995
            ],
            [
              4.282500000000001,
              42.94
            ],
            [
              4.282,
              42.9405
            ],
            [
              4.2815,
              42.941
            ],
            [
              4.2815,
              42.942
            ],
            [
              4.281000000000001,
              42.942499999999995
            ],
            [
              4.2805,
              42.943
            ],
            [
              4.28,
              42.9435
            ],
            [
              4.2795000000000005,
              42.944
            ],
            [
              4.2795000000000005,
              42.945
            ],
            [
              4.279,
              42.945499999999996
            ],
            [
              4.2785,
              42.946
            ],
            [
              4.2780000000000005,
              42.9465
            ],
            [
              4.2775,
              42.947
            ],
            [
              4.277,
              42.947500000000005
            ],
            [
              4.2765,
              42.948
            ],
            [
              4.276,
              42.948499999999996
            ],
            [
              4.2755,
              42.949
            ],
            [
              4.275,
              42.9495
            ],
            [
              4.2745,
              42.95
            ],
            [
              4.274,
              42.950500000000005
            ],
            [
              4.2735,
              42.951
            ],
            [
              4.273,
              42.951499999999996
            ],
            [
              4.2725,
              42.952
            ],
            [
              4.272,
              42.9525
            ],
            [
              4.2715,
              42.953
            ],
            [
              4.271,
              42.953500000000005
            ],
            [
              4.2705,
              42.954
            ],
            [
              4.2700000000000005,
              42.954499999999996
            ],
            [
              4.269500000000001,
              42.955
            ],
            [
              4.269,
              42.9555
            ],
            [
              4.2685,
              42.956
            ],
            [
              4.268000000000001,
              42.956500000000005
            ],
            [
              4.2675,
              42.957
            ],
            [
              4.267,
              42.957499999999996
            ],
            [
              4.266500000000001,
              42.958
            ],
            [
              4.266,
              42.9585
            ],
            [
              4.2655,
              42.959
            ],
            [
              4.265000000000001,
              42.959500000000006
            ],
            [
              4.2645,
              42.96
            ],
            [
              4.264,
              42.960499999999996
            ],
            [
              4.2635000000000005,
              42.961
            ],
            [
              4.263,
              42.9615
            ],
            [
              4.2625,
              42.962
            ],
            [
              4.2620000000000005,
              42.962500000000006
            ],
            [
              4.2615,
              42.963
            ],
            [
              4.261,
              42.963499999999996
            ],
            [
              4.2605,
              42.964
            ],
            [
              4.26,
              42.9645
            ],
            [
              4.2595,
              42.965
            ],
            [
              4.259,
              42.965500000000006
            ],
            [
              4.258,
              42.965500000000006
            ],
            [
              4.2575,
              42.966
            ],
            [
              4.257,
              42.966499999999996
            ],
            [
              4.2565,
              42.967
            ],
            [
              4.256,
              42.9675
            ],
            [
              4.2555,
              42.968
            ],
            [
              4.255,
              42.968500000000006
            ],
            [
              4.2540000000000004,
              42.968500000000006
            ],
            [
              4.253500000000001,
              42.969
            ],
            [
              4.253,
              42.9695
            ],
            [
              4.2525,
              42.97
            ],
            [
              4.252000000000001,
              42.9705
            ],
            [
              4.2515,
              42.971000000000004
            ],
            [
              4.251,
              42.971500000000006
            ],
            [
              4.25,
              42.971500000000006
            ],
            [
              4.2495,
              42.972
            ],
            [
              4.2490000000000006,
              42.9725
            ],
            [
              4.248,
              42.9725
            ],
            [
              4.2475000000000005,
              42.973
            ],
            [
              4.247,
              42.9735
            ],
            [
              4.246,
              42.9735
            ],
            [
              4.245,
              42.9735
            ],
            [
              4.2445,
              42.974000000000004
            ],
            [
              4.244,
              42.974500000000006
            ],
            [
              4.243,
              42.974500000000006
            ],
            [
              4.242,
              42.974500000000006
            ],
            [
              4.2410000000000005,
              42.974500000000006
            ],
            [
              4.240500000000001,
              42.975
            ],
            [
              4.24,
              42.9755
            ],
            [
              4.239000000000001,
              42.9755
            ],
            [
              4.238,
              42.9755
            ],
            [
              4.237,
              42.9755
            ],
            [
              4.236000000000001,
              42.9755
            ],
            [
              4.235,
              42.9755
            ],
            [
              4.234,
              42.9755
            ],
            [
              4.2335,
              42.975
            ],
            [
              4.2330000000000005,
              42.974500000000006
            ],
            [
              4.232,
              42.974500000000006
            ],
            [
              4.231,
              42.974500000000006
            ],
            [
              4.23,
              42.974500000000006
            ],
            [
              4.2295,
              42.974000000000004
            ],
            [
              4.229,
              42.9735
            ],
            [
              4.228,
              42.9735
            ],
            [
              4.227,
              42.9735
            ],
            [
              4.2265,
              42.973
            ],
            [
              4.226,
              42.9725
            ],
            [
              4.2250000000000005,
              42.9725
            ],
            [
              4.224,
              42.9725
            ],
            [
              4.223000000000001,
              42.9725
            ],
            [
              4.2225,
              42.972
            ],
            [
              4.222,
              42.971500000000006
            ],
            [
              4.221,
              42.971500000000006
            ],
            [
              4.2205,
              42.971000000000004
            ],
            [
              4.220000000000001,
              42.9705
            ],
            [
              4.2195,
              42.97
            ],
            [
              4.219,
              42.9695
            ],
            [
              4.218500000000001,
              42.969
            ],
            [
              4.218,
              42.968500000000006
            ],
            [
              4.2170000000000005,
              42.968500000000006
            ],
            [
              4.2165,
              42.968
            ],
            [
              4.216,
              42.9675
            ],
            [
              4.2155000000000005,
              42.967
            ],
            [
              4.215,
              42.966499999999996
            ],
            [
              4.214,
              42.966499999999996
            ],
            [
              4.2135,
              42.966
            ],
            [
              4.213,
              42.965500000000006
            ],
            [
              4.2125,
              42.965
            ],
            [
              4.212,
              42.9645
            ],
            [
              4.2115,
              42.964
            ],
            [
              4.211,
              42.963499999999996
            ],
            [
              4.21,
              42.963499999999996
            ],
            [
              4.2095,
              42.963
            ],
            [
              4.2090000000000005,
              42.962500000000006
            ],
            [
              4.208500000000001,
              42.962
            ],
            [
              4.208,
              42.9615
            ],
            [
              4.207000000000001,
              42.9615
            ],
            [
              4.206,
              42.9615
            ],
            [
              4.205500000000001,
              42.961
            ],
            [
              4.205,
              42.960499999999996
            ],
            [
              4.204000000000001,
              42.960499999999996
            ],
            [
              4.2035,
              42.96
            ],
            [
              4.203,
              42.959500000000006
            ],
            [
              4.202,
              42.959500000000006
            ],
            [
              4.2010000000000005,
              42.959500000000006
            ],
            [
              4.2005,
              42.959
            ],
            [
              4.2,
              42.9585
            ],
            [
              4.1995000000000005,
              42.958
            ],
            [
              4.199,
              42.957499999999996
            ],
            [
              4.198,
              42.957499999999996
            ],
            [
              4.1975,
              42.957
            ],
            [
              4.197,
              42.956500000000005
            ],
            [
              4.196,
              42.956500000000005
            ],
            [
              4.195,
              42.956500000000005
            ],
            [
              4.1945,
              42.956
            ],
            [
              4.194,
              42.9555
            ],
            [
              4.1930000000000005,
              42.9555
            ],
            [
              4.192,
              42.9555
            ],
            [
              4.191000000000001,
              42.9555
            ],
            [
              4.19,
              42.9555
            ],
            [
              4.189,
              42.9555
            ],
            [
              4.1885,
              42.955
            ],
            [
              4.188000000000001,
              42.954499999999996
            ],
            [
              4.187,
              42.954499999999996
            ],
            [
              4.186,
              42.954499999999996
            ],
            [
              4.1850000000000005,
              42.954499999999996
            ],
            [
              4.184,
              42.954499999999996
            ],
            [
              4.1835,
              42.954
            ],
            [
              4.183,
              42.953500000000005
            ],
            [
              4.182,
              42.953500000000005
            ],
            [
              4.181,
              42.953500000000005
            ],
            [
              4.18,
              42.953500000000005
            ],
            [
              4.179,
              42.953500000000005
            ],
            [
              4.178,
              42.953500000000005
            ],
            [
              4.1775,
              42.953
            ],
            [
              4.1770000000000005,
              42.9525
            ],
            [
              4.176,
              42.9525
            ],
            [
              4.175000000000001,
              42.9525
            ],
            [
              4.174,
              42.9525
            ],
            [
              4.173,
              42.9525
            ],
            [
              4.172000000000001,
              42.9525
            ],
            [
              4.171,
              42.9525
            ],
            [
              4.17,
              42.9525
            ],
            [
              4.1695,
              42.952
            ],
            [
              4.1690000000000005,
              42.951499999999996
            ],
            [
              4.168,
              42.951499999999996
            ],
            [
              4.167,
              42.951499999999996
            ],
            [
              4.166,
              42.951499999999996
            ],
            [
              4.165,
              42.951499999999996
            ],
            [
              4.164,
              42.951499999999996
            ],
            [
              4.163,
              42.951499999999996
            ],
            [
              4.162,
              42.951499999999996
            ],
            [
              4.1610000000000005,
              42.951499999999996
            ],
            [
              4.16,
              42.951499999999996
            ],
            [
              4.159000000000001,
              42.951499999999996
            ],
            [
              4.1585,
              42.951
            ],
            [
              4.158,
              42.950500000000005
            ],
            [
              4.157,
              42.950500000000005
            ],
            [
              4.156000000000001,
              42.950500000000005
            ],
            [
              4.155,
              42.950500000000005
            ],
            [
              4.154,
              42.950500000000005
            ],
            [
              4.1530000000000005,
              42.950500000000005
            ],
            [
              4.152,
              42.950500000000005
            ],
            [
              4.151,
              42.950500000000005
            ],
            [
              4.15,
              42.950500000000005
            ],
            [
              4.149,
              42.950500000000005
            ],
            [
              4.148,
              42.950500000000005
            ],
            [
              4.147,
              42.950500000000005
            ],
            [
              4.1465,
              42.951
            ],
            [
              4.146,
              42.951499999999996
            ],
            [
              4.1450000000000005,
              42.951499999999996
            ],
            [
              4.144,
              42.951499999999996
            ],
            [
              4.143000000000001,
              42.951499999999996
            ],
            [
              4.142,
              42.951499999999996
            ],
            [
              4.141,
              42.951499999999996
            ],
            [
              4.140000000000001,
              42.951499999999996
            ],
            [
              4.139,
              42.951499999999996
            ],
            [
              4.138,
              42.951499999999996
            ],
            [
              4.1370000000000005,
              42.951499999999996
            ],
            [
              4.136,
              42.951499999999996
            ],
            [
              4.135,
              42.951499999999996
            ],
            [
              4.134,
              42.951499999999996
            ],
            [
              4.133,
              42.951499999999996
            ],
            [
              4.132,
              42.951499999999996
            ],
            [
              4.131,
              42.951499999999996
            ],
            [
              4.13,
              42.951499999999996
            ],
            [
              4.1290000000000004,
              42.951499999999996
            ],
            [
              4.128,
              42.951499999999996
            ],
            [
              4.127000000000001,
              42.951499999999996
            ],
            [
              4.126,
              42.951499999999996
            ],
            [
              4.125,
              42.951499999999996
            ],
            [
              4.1240000000000006,
              42.951499999999996
            ],
            [
              4.123,
              42.951499999999996
            ],
            [
              4.122,
              42.951499999999996
            ],
            [
              4.121,
              42.951499999999996
            ],
            [
              4.12,
              42.951499999999996
            ],
            [
              4.1195,
              42.952
            ],
            [
              4.119,
              42.9525
            ],
            [
              4.118,
              42.9525
            ],
            [
              4.117,
              42.9525
            ],
            [
              4.116,
              42.9525
            ],
            [
              4.115,
              42.9525
            ],
            [
              4.114000000000001,
              42.9525
            ],
            [
              4.113,
              42.9525
            ],
            [
              4.112500000000001,
              42.953
            ],
            [
              4.112,
              42.953500000000005
            ],
            [
              4.111000000000001,
              42.953500000000005
            ],
            [
              4.11,
              42.953500000000005
            ],
            [
              4.109,
              42.953500000000005
            ],
            [
              4.1080000000000005,
              42.953500000000005
            ],
            [
              4.107,
              42.953500000000005
            ],
            [
              4.106,
              42.953500000000005
            ],
            [
              4.105,
              42.953500000000005
            ],
            [
              4.104,
              42.953500000000005
            ],
            [
              4.103,
              42.953500000000005
            ],
            [
              4.1025,
              42.954
            ],
            [
              4.102,
              42.954499999999996
            ],
            [
              4.101,
              42.954499999999996
            ],
            [
              4.1000000000000005,
              42.954499999999996
            ],
            [
              4.099,
              42.954499999999996
            ],
            [
              4.098000000000001,
              42.954499999999996
            ],
            [
              4.097,
              42.954499999999996
            ],
            [
              4.096,
              42.954499999999996
            ],
            [
              4.095000000000001,
              42.954499999999996
            ],
            [
              4.094,
              42.954499999999996
            ],
            [
              4.093,
              42.954499999999996
            ],
            [
              4.0925,
              42.955
            ],
            [
              4.0920000000000005,
              42.9555
            ],
            [
              4.091,
              42.9555
            ],
            [
              4.09,
              42.9555
            ],
            [
              4.089,
              42.9555
            ],
            [
              4.088,
              42.9555
            ],
            [
              4.087,
              42.9555
            ],
            [
              4.086,
              42.9555
            ],
            [
              4.085,
              42.9555
            ],
            [
              4.0840000000000005,
              42.9555
            ],
            [
              4.083500000000001,
              42.955
            ],
            [
              4.083,
              42.954499999999996
            ],
            [
              4.082000000000001,
              42.954499999999996
            ],
            [
              4.0815,
              42.954
            ],
            [
              4.081,
              42.953500000000005
            ],
            [
              4.08,
              42.953500000000005
            ],
            [
              4.079000000000001,
              42.953500000000005
            ],
            [
              4.078,
              42.953500000000005
            ],
            [
              4.077500000000001,
              42.953
            ],
            [
              4.077,
              42.9525
            ],
            [
              4.0760000000000005,
              42.9525
            ],
            [
              4.075,
              42.9525
            ],
            [
              4.074,
              42.9525
            ],
            [
              4.073,
              42.9525
            ],
            [
              4.072,
              42.9525
            ],
            [
              4.0715,
              42.952
            ],
            [
              4.071,
              42.951499999999996
            ],
            [
              4.07,
              42.951499999999996
            ],
            [
              4.069,
              42.951499999999996
            ],
            [
              4.0680000000000005,
              42.951499999999996
            ],
            [
              4.067,
              42.951499999999996
            ],
            [
              4.066000000000001,
              42.951499999999996
            ],
            [
              4.065,
              42.951499999999996
            ],
            [
              4.064,
              42.951499999999996
            ],
            [
              4.063000000000001,
              42.951499999999996
            ],
            [
              4.062,
              42.951499999999996
            ],
            [
              4.061,
              42.951499999999996
            ],
            [
              4.0600000000000005,
              42.951499999999996
            ],
            [
              4.059,
              42.951499999999996
            ],
            [
              4.0585,
              42.951
            ],
            [
              4.058,
              42.950500000000005
            ],
            [
              4.057,
              42.950500000000005
            ],
            [
              4.056,
              42.950500000000005
            ],
            [
              4.055,
              42.950500000000005
            ],
            [
              4.054,
              42.950500000000005
            ],
            [
              4.053,
              42.950500000000005
            ],
            [
              4.0525,
              42.95
            ],
            [
              4.0520000000000005,
              42.9495
            ],
            [
              4.051,
              42.9495
            ],
            [
              4.050000000000001,
              42.9495
            ],
            [
              4.0495,
              42.949
            ],
            [
              4.049,
              42.948499999999996
            ],
            [
              4.048,
              42.948499999999996
            ],
            [
              4.047000000000001,
              42.948499999999996
            ],
            [
              4.0465,
              42.948
            ],
            [
              4.046,
              42.947500000000005
            ],
            [
              4.045,
              42.947500000000005
            ],
            [
              4.0440000000000005,
              42.947500000000005
            ],
            [
              4.043,
              42.947500000000005
            ],
            [
              4.042,
              42.947500000000005
            ],
            [
              4.041,
              42.947500000000005
            ],
            [
              4.0405,
              42.947
            ],
            [
              4.04,
              42.9465
            ],
            [
              4.039,
              42.9465
            ],
            [
              4.038,
              42.9465
            ],
            [
              4.037,
              42.9465
            ],
            [
              4.0360000000000005,
              42.9465
            ],
            [
              4.035500000000001,
              42.946
            ],
            [
              4.035,
              42.945499999999996
            ],
            [
              4.034000000000001,
              42.945499999999996
            ],
            [
              4.033,
              42.945499999999996
            ],
            [
              4.032,
              42.945499999999996
            ],
            [
              4.0315,
              42.945
            ],
            [
              4.031000000000001,
              42.944500000000005
            ],
            [
              4.03,
              42.944500000000005
            ],
            [
              4.029,
              42.944500000000005
            ],
            [
              4.0280000000000005,
              42.944500000000005
            ],
            [
              4.027,
              42.944500000000005
            ],
            [
              4.0265,
              42.944
            ],
            [
              4.026,
              42.9435
            ],
            [
              4.025,
              42.9435
            ],
            [
              4.024,
              42.9435
            ],
            [
              4.023,
              42.9435
            ],
            [
              4.022,
              42.9435
            ],
            [
              4.021,
              42.9435
            ],
            [
              4.0200000000000005,
              42.9435
            ],
            [
              4.019500000000001,
              42.943
            ],
            [
              4.019,
              42.942499999999995
            ],
            [
              4.018000000000001,
              42.942499999999995
            ],
            [
              4.017,
              42.942499999999995
            ],
            [
              4.016500000000001,
              42.942
            ],
            [
              4.016,
              42.941500000000005
            ],
            [
              4.015000000000001,
              42.941500000000005
            ],
            [
              4.014,
              42.941500000000005
            ],
            [
              4.0135000000000005,
              42.941
            ],
            [
              4.013,
              42.9405
            ],
            [
              4.0120000000000005,
              42.9405
            ],
            [
              4.011,
              42.9405
            ],
            [
              4.0105,
              42.94
            ],
            [
              4.01,
              42.939499999999995
            ],
            [
              4.009,
              42.939499999999995
            ],
            [
              4.008,
              42.939499999999995
            ],
            [
              4.0075,
              42.939
            ],
            [
              4.007,
              42.938500000000005
            ],
            [
              4.006,
              42.938500000000005
            ],
            [
              4.005,
              42.938500000000005
            ],
            [
              4.0045,
              42.938
            ],
            [
              4.0040000000000004,
              42.9375
            ],
            [
              4.003,
              42.9375
            ],
            [
              4.002000000000001,
              42.9375
            ],
            [
              4.0015,
              42.937
            ],
            [
              4.001,
              42.936499999999995
            ],
            [
              4.0,
              42.936499999999995
            ],
            [
              3.999,
              42.936499999999995
            ],
            [
              3.998,
              42.936499999999995
            ],
            [
              3.9975,
              42.936
            ],
            [
              3.997,
              42.935500000000005
            ],
            [
              3.9960000000000004,
              42.935500000000005
            ],
            [
              3.995,
              42.935500000000005
            ],
            [
              3.9945000000000004,
              42.935
            ],
            [
              3.994,
              42.9345
            ],
            [
              3.9930000000000003,
              42.9345
            ],
            [
              3.992,
              42.9345
            ],
            [
              3.991,
              42.9345
            ],
            [
              3.9905,
              42.934
            ],
            [
              3.99,
              42.933499999999995
            ],
            [
              3.989,
              42.933499999999995
            ],
            [
              3.9880000000000004,
              42.933499999999995
            ],
            [
              3.9875000000000003,
              42.933
            ],
            [
              3.987,
              42.932500000000005
            ],
            [
              3.986,
              42.932500000000005
            ],
            [
              3.9855,
              42.932
            ],
            [
              3.9850000000000003,
              42.9315
            ],
            [
              3.984,
              42.9315
            ],
            [
              3.9835000000000003,
              42.931
            ],
            [
              3.9830000000000005,
              42.930499999999995
            ],
            [
              3.982,
              42.930499999999995
            ],
            [
              3.9815000000000005,
              42.93
            ],
            [
              3.9810000000000003,
              42.929500000000004
            ],
            [
              3.9800000000000004,
              42.929500000000004
            ],
            [
              3.9795000000000003,
              42.929
            ],
            [
              3.979,
              42.9285
            ],
            [
              3.978,
              42.9285
            ],
            [
              3.9775,
              42.928
            ],
            [
              3.9770000000000003,
              42.927499999999995
            ],
            [
              3.976,
              42.927499999999995
            ],
            [
              3.9755000000000003,
              42.927
            ],
            [
              3.9750000000000005,
              42.926500000000004
            ],
            [
              3.974,
              42.926500000000004
            ],
            [
              3.9730000000000003,
              42.926500000000004
            ],
            [
              3.9725,
              42.926
            ],
            [
              3.9720000000000004,
              42.9255
            ],
            [
              3.9715000000000003,
              42.925
            ],
            [
              3.971,
              42.924499999999995
            ],
            [
              3.97,
              42.924499999999995
            ],
            [
              3.9695,
              42.924
            ],
            [
              3.9690000000000003,
              42.923500000000004
            ],
            [
              3.9685,
              42.923
            ],
            [
              3.968,
              42.9225
            ],
            [
              3.9670000000000005,
              42.9225
            ],
            [
              3.9665000000000004,
              42.922
            ],
            [
              3.966,
              42.921499999999995
            ],
            [
              3.9650000000000003,
              42.921499999999995
            ],
            [
              3.9645,
              42.921
            ],
            [
              3.9640000000000004,
              42.920500000000004
            ],
            [
              3.9635000000000002,
              42.92
            ],
            [
              3.963,
              42.9195
            ],
            [
              3.962,
              42.9195
            ],
            [
              3.9615,
              42.919
            ],
            [
              3.9610000000000003,
              42.918499999999995
            ],
            [
              3.96,
              42.918499999999995
            ],
            [
              3.9595000000000002,
              42.918
            ],
            [
              3.9590000000000005,
              42.917500000000004
            ],
            [
              3.9585000000000004,
              42.917
            ],
            [
              3.958,
              42.9165
            ],
            [
              3.9570000000000003,
              42.9165
            ],
            [
              3.9565,
              42.916
            ],
            [
              3.9560000000000004,
              42.915499999999994
            ],
            [
              3.9555000000000002,
              42.915
            ],
            [
              3.955,
              42.914500000000004
            ],
            [
              3.9545000000000003,
              42.914
            ],
            [
              3.954,
              42.9135
            ],
            [
              3.9530000000000003,
              42.9135
            ],
            [
              3.9525,
              42.913000000000004
            ],
            [
              3.952,
              42.9125
            ],
            [
              3.9515000000000002,
              42.912
            ],
            [
              3.9510000000000005,
              42.911500000000004
            ],
            [
              3.9505000000000003,
              42.911
            ],
            [
              3.95,
              42.9105
            ],
            [
              3.9495000000000005,
              42.910000000000004
            ],
            [
              3.9490000000000003,
              42.9095
            ],
            [
              3.9485,
              42.909
            ],
            [
              3.9480000000000004,
              42.908500000000004
            ],
            [
              3.9475000000000002,
              42.908
            ],
            [
              3.947,
              42.9075
            ],
            [
              3.9465000000000003,
              42.907000000000004
            ],
            [
              3.9465000000000003,
              42.906
            ],
            [
              3.946,
              42.9055
            ],
            [
              3.9455,
              42.905
            ],
            [
              3.9455,
              42.904
            ],
            [
              3.9450000000000003,
              42.9035
            ],
            [
              3.9445,
              42.903
            ],
            [
              3.9445,
              42.902
            ],
            [
              3.944,
              42.9015
            ],
            [
              3.9435000000000002,
              42.901
            ],
            [
              3.9435000000000002,
              42.9
            ],
            [
              3.9430000000000005,
              42.8995
            ],
            [
              3.9425000000000003,
              42.899
            ],
            [
              3.942,
              42.8985
            ],
            [
              3.9415000000000004,
              42.898
            ],
            [
              3.9410000000000003,
              42.8975
            ],
            [
              3.9405,
              42.897
            ],
            [
              3.9400000000000004,
              42.8965
            ],
            [
              3.9395000000000002,
              42.896
            ],
            [
              3.939,
              42.8955
            ],
            [
              3.9385000000000003,
              42.895
            ],
            [
              3.938,
              42.8945
            ],
            [
              3.9375,
              42.894
            ],
            [
              3.9370000000000003,
              42.8935
            ],
            [
              3.9365,
              42.893
            ],
            [
              3.936,
              42.8925
            ],
            [
              3.9355,
              42.892
            ],
            [
              3.9350000000000005,
              42.8915
            ],
            [
              3.9345000000000003,
              42.891
            ],
            [
              3.9345000000000003,
              42.89
            ],
            [
              3.934,
              42.8895
            ],
            [
              3.9335000000000004,
              42.889
            ],
            [
              3.9330000000000003,
              42.8885
            ],
            [
              3.9325,
              42.888
            ],
            [
              3.9320000000000004,
              42.8875
            ],
            [
              3.9315,
              42.887
            ],
            [
              3.931,
              42.8865
            ],
            [
              3.9305000000000003,
              42.886
            ],
            [
              3.93,
              42.8855
            ],
            [
              3.9295,
              42.885
            ],
            [
              3.9290000000000003,
              42.8845
            ],
            [
              3.928,
              42.8845
            ],
            [
              3.9275,
              42.884
            ],
            [
              3.9270000000000005,
              42.8835
            ],
            [
              3.9265000000000003,
              42.883
            ],
            [
              3.926,
              42.8825
            ],
            [
              3.9255000000000004,
              42.882
            ],
            [
              3.9250000000000003,
              42.8815
            ],
            [
              3.9245,
              42.881
            ],
            [
              3.9240000000000004,
              42.8805
            ],
            [
              3.9235,
              42.88
            ],
            [
              3.923,
              42.8795
            ],
            [
              3.9225000000000003,
              42.879
            ],
            [
              3.922,
              42.8785
            ],
            [
              3.9215,
              42.878
            ],
            [
              3.9210000000000003,
              42.8775
            ],
            [
              3.92,
              42.8775
            ],
            [
              3.9195,
              42.877
            ],
            [
              3.9190000000000005,
              42.8765
            ],
            [
              3.918,
              42.8765
            ],
            [
              3.9170000000000003,
              42.8765
            ],
            [
              3.9160000000000004,
              42.8765
            ],
            [
              3.915,
              42.8765
            ],
            [
              3.914,
              42.8765
            ],
            [
              3.9135,
              42.876
            ],
            [
              3.9135,
              42.875
            ],
            [
              3.9135,
              42.874
            ],
            [
              3.9130000000000003,
              42.8735
            ],
            [
              3.9125,
              42.873
            ],
            [
              3.912,
              42.8725
            ],
            [
              3.9110000000000005,
              42.8725
            ],
            [
              3.9105000000000003,
              42.872
            ],
            [
              3.91,
              42.8715
            ],
            [
              3.9095000000000004,
              42.871
            ],
            [
              3.9090000000000003,
              42.8705
            ],
            [
              3.9085,
              42.87
            ],
            [
              3.9080000000000004,
              42.8695
            ],
            [
              3.9075,
              42.869
            ],
            [
              3.907,
              42.8685
            ],
            [
              3.9065000000000003,
              42.868
            ],
            [
              3.9065000000000003,
              42.867
            ],
            [
              3.906,
              42.8665
            ],
            [
              3.9055,
              42.866
            ],
            [
              3.9055,
              42.865
            ],
            [
              3.9050000000000002,
              42.8645
            ],
            [
              3.9045,
              42.864
            ],
            [
              3.9045,
              42.863
            ],
            [
              3.904,
              42.8625
            ],
            [
              3.9035,
              42.862
            ],
            [
              3.9035,
              42.861
            ],
            [
              3.9030000000000005,
              42.8605
            ],
            [
              3.9025000000000003,
              42.86
            ],
            [
              3.9025000000000003,
              42.859
            ],
            [
              3.902,
              42.85850000000001
            ],
            [
              3.9015000000000004,
              42.858000000000004
            ],
            [
              3.9010000000000002,
              42.8575
            ],
            [
              3.9000000000000004,
              42.8575
            ],
            [
              3.8995,
              42.857
            ],
            [
              3.899,
              42.8565
            ],
            [
              3.898,
              42.8565
            ],
            [
              3.8975,
              42.856
            ],
            [
              3.8970000000000002,
              42.855500000000006
            ],
            [
              3.8965000000000005,
              42.855000000000004
            ],
            [
              3.8960000000000004,
              42.8545
            ],
            [
              3.8950000000000005,
              42.8545
            ],
            [
              3.8945000000000003,
              42.854
            ],
            [
              3.894,
              42.8535
            ],
            [
              3.8935000000000004,
              42.853
            ],
            [
              3.8930000000000002,
              42.852500000000006
            ],
            [
              3.8920000000000003,
              42.852500000000006
            ],
            [
              3.8915,
              42.852000000000004
            ],
            [
              3.891,
              42.8515
            ],
            [
              3.89,
              42.8515
            ],
            [
              3.8895,
              42.851
            ],
            [
              3.8890000000000002,
              42.8505
            ],
            [
              3.8880000000000003,
              42.8505
            ],
            [
              3.8870000000000005,
              42.8505
            ],
            [
              3.886,
              42.8505
            ],
            [
              3.8850000000000002,
              42.8505
            ],
            [
              3.8840000000000003,
              42.8505
            ],
            [
              3.8835,
              42.851
            ],
            [
              3.883,
              42.8515
            ],
            [
              3.882,
              42.8515
            ],
            [
              3.8815,
              42.852000000000004
            ],
            [
              3.8810000000000002,
              42.852500000000006
            ],
            [
              3.8800000000000003,
              42.852500000000006
            ],
            [
              3.8790000000000004,
              42.852500000000006
            ],
            [
              3.8785000000000003,
              42.852000000000004
            ],
            [
              3.878,
              42.8515
            ],
            [
              3.8770000000000002,
              42.8515
            ],
            [
              3.8765,
              42.851
            ],
            [
              3.8760000000000003,
              42.8505
            ],
            [
              3.875,
              42.8505
            ],
            [
              3.874,
              42.8505
            ],
            [
              3.873,
              42.8505
            ],
            [
              3.8725000000000005,
              42.85
            ],
            [
              3.8720000000000003,
              42.849500000000006
            ],
            [
              3.8710000000000004,
              42.849500000000006
            ],
            [
              3.87,
              42.849500000000006
            ],
            [
              3.8695000000000004,
              42.85
            ],
            [
              3.869,
              42.8505
            ],
            [
              3.8680000000000003,
              42.8505
            ],
            [
              3.8675,
              42.851
            ],
            [
              3.867,
              42.8515
            ],
            [
              3.8665000000000003,
              42.852000000000004
            ],
            [
              3.866,
              42.852500000000006
            ],
            [
              3.865,
              42.852500000000006
            ],
            [
              3.8640000000000003,
              42.852500000000006
            ],
            [
              3.8635,
              42.853
            ],
            [
              3.8630000000000004,
              42.8535
            ],
            [
              3.862,
              42.8535
            ],
            [
              3.8615000000000004,
              42.854
            ],
            [
              3.861,
              42.8545
            ],
            [
              3.8605,
              42.855000000000004
            ],
            [
              3.8600000000000003,
              42.855500000000006
            ],
            [
              3.859,
              42.855500000000006
            ],
            [
              3.858,
              42.855500000000006
            ],
            [
              3.8575,
              42.855000000000004
            ],
            [
              3.857,
              42.8545
            ],
            [
              3.8560000000000003,
              42.8545
            ],
            [
              3.8550000000000004,
              42.8545
            ],
            [
              3.8545000000000003,
              42.855000000000004
            ],
            [
              3.854,
              42.855500000000006
            ],
            [
              3.8535000000000004,
              42.856
            ],
            [
              3.853,
              42.8565
            ],
            [
              3.8525,
              42.857
            ],
            [
              3.8525,
              42.858000000000004
            ],
            [
              3.8520000000000003,
              42.85850000000001
            ],
            [
              3.8515,
              42.859
            ],
            [
              3.8515,
              42.86
            ],
            [
              3.8520000000000003,
              42.8605
            ],
            [
              3.8525,
              42.861
            ],
            [
              3.853,
              42.8615
            ],
            [
              3.854,
              42.8615
            ],
            [
              3.8550000000000004,
              42.8615
            ],
            [
              3.8555,
              42.862
            ],
            [
              3.8560000000000003,
              42.8625
            ],
            [
              3.857,
              42.8625
            ],
            [
              3.8575,
              42.863
            ],
            [
              3.8575,
              42.864
            ],
            [
              3.8575,
              42.865
            ],
            [
              3.8575,
              42.866
            ],
            [
              3.8575,
              42.867
            ],
            [
              3.8575,
              42.868
            ],
            [
              3.857,
              42.8685
            ],
            [
              3.8565000000000005,
              42.869
            ],
            [
              3.8565000000000005,
              42.87
            ],
            [
              3.8560000000000003,
              42.8705
            ],
            [
              3.8555,
              42.871
            ],
            [
              3.8555,
              42.872
            ],
            [
              3.8550000000000004,
              42.8725
            ],
            [
              3.8545000000000003,
              42.873
            ],
            [
              3.8545000000000003,
              42.874
            ],
            [
              3.854,
              42.8745
            ],
            [
              3.8535000000000004,
              42.875
            ],
            [
              3.853,
              42.8755
            ],
            [
              3.8525,
              42.876
            ],
            [
              3.8520000000000003,
              42.8765
            ],
            [
              3.8515,
              42.877
            ],
            [
              3.851,
              42.8775
            ],
            [
              3.85,
              42.8775
            ],
            [
              3.849,
              42.8775
            ],
            [
              3.8480000000000003,
              42.8775
            ],
            [
              3.8475,
              42.877
            ],
            [
              3.8470000000000004,
              42.8765
            ],
            [
              3.8465000000000003,
              42.876
            ],
            [
              3.8465000000000003,
              42.875
            ],
            [
              3.846,
              42.8745
            ],
            [
              3.8455000000000004,
              42.874
            ],
            [
              3.8455000000000004,
              42.873
            ],
            [
              3.8455000000000004,
              42.872
            ],
            [
              3.8455000000000004,
              42.871
            ],
            [
              3.8455000000000004,
              42.87
            ],
            [
              3.845,
              42.8695
            ],
            [
              3.8445,
              42.869
            ],
            [
              3.8445,
              42.868
            ],
            [
              3.8445,
              42.867
            ],
            [
              3.8440000000000003,
              42.8665
            ],
            [
              3.8435,
              42.866
            ],
            [
              3.843,
              42.8655
            ],
            [
              3.8425000000000002,
              42.865
            ],
            [
              3.8425000000000002,
              42.864
            ],
            [
              3.8425000000000002,
              42.863
            ],
            [
              3.8425000000000002,
              42.862
            ],
            [
              3.8425000000000002,
              42.861
            ],
            [
              3.843,
              42.8605
            ],
            [
              3.8435,
              42.86
            ],
            [
              3.8435,
              42.859
            ],
            [
              3.8435,
              42.858000000000004
            ],
            [
              3.8435,
              42.857
            ],
            [
              3.8435,
              42.856
            ],
            [
              3.8435,
              42.855000000000004
            ],
            [
              3.8435,
              42.854
            ],
            [
              3.8435,
              42.853
            ],
            [
              3.843,
              42.852500000000006
            ],
            [
              3.842,
              42.852500000000006
            ],
            [
              3.8415,
              42.852000000000004
            ],
            [
              3.841,
              42.8515
            ],
            [
              3.8400000000000003,
              42.8515
            ],
            [
              3.8395,
              42.851
            ],
            [
              3.8390000000000004,
              42.8505
            ],
            [
              3.838,
              42.8505
            ],
            [
              3.8375000000000004,
              42.85
            ],
            [
              3.837,
              42.849500000000006
            ],
            [
              3.8365,
              42.849000000000004
            ],
            [
              3.8360000000000003,
              42.8485
            ],
            [
              3.835,
              42.8485
            ],
            [
              3.8345000000000002,
              42.848
            ],
            [
              3.834,
              42.8475
            ],
            [
              3.833,
              42.8475
            ],
            [
              3.8320000000000003,
              42.8475
            ],
            [
              3.8310000000000004,
              42.8475
            ],
            [
              3.83,
              42.8475
            ],
            [
              3.829,
              42.8475
            ],
            [
              3.8280000000000003,
              42.8475
            ],
            [
              3.827,
              42.8475
            ],
            [
              3.826,
              42.8475
            ],
            [
              3.825,
              42.8475
            ],
            [
              3.8240000000000003,
              42.8475
            ],
            [
              3.8230000000000004,
              42.8475
            ],
            [
              3.8225000000000002,
              42.847
            ],
            [
              3.822,
              42.846500000000006
            ],
            [
              3.821,
              42.846500000000006
            ],
            [
              3.8200000000000003,
              42.846500000000006
            ],
            [
              3.8195,
              42.846000000000004
            ],
            [
              3.819,
              42.8455
            ],
            [
              3.818,
              42.8455
            ],
            [
              3.817,
              42.8455
            ],
            [
              3.8160000000000003,
              42.8455
            ],
            [
              3.8150000000000004,
              42.8455
            ],
            [
              3.814,
              42.8455
            ],
            [
              3.813,
              42.8455
            ],
            [
              3.8120000000000003,
              42.8455
            ],
            [
              3.811,
              42.8455
            ],
            [
              3.81,
              42.8455
            ],
            [
              3.8095,
              42.846000000000004
            ],
            [
              3.809,
              42.846500000000006
            ],
            [
              3.8080000000000003,
              42.846500000000006
            ],
            [
              3.8075,
              42.847
            ],
            [
              3.8070000000000004,
              42.8475
            ],
            [
              3.806,
              42.8475
            ],
            [
              3.8055000000000003,
              42.848
            ],
            [
              3.805,
              42.8485
            ],
            [
              3.8040000000000003,
              42.8485
            ],
            [
              3.8035,
              42.849000000000004
            ],
            [
              3.803,
              42.849500000000006
            ],
            [
              3.8025,
              42.85
            ],
            [
              3.802,
              42.8505
            ],
            [
              3.8015,
              42.851
            ],
            [
              3.801,
              42.8515
            ],
            [
              3.8005000000000004,
              42.852000000000004
            ],
            [
              3.8000000000000003,
              42.852500000000006
            ],
            [
              3.7995,
              42.853
            ],
            [
              3.7990000000000004,
              42.8535
            ],
            [
              3.7985,
              42.854
            ],
            [
              3.7985,
              42.855000000000004
            ],
            [
              3.798,
              42.855500000000006
            ],
            [
              3.7975000000000003,
              42.856
            ],
            [
              3.797,
              42.8565
            ],
            [
              3.7965,
              42.857
            ],
            [
              3.7965,
              42.858000000000004
            ],
            [
              3.7960000000000003,
              42.85850000000001
            ],
            [
              3.7955000000000005,
              42.859
            ],
            [
              3.7955000000000005,
              42.86
            ],
            [
              3.7955000000000005,
              42.861
            ],
            [
              3.7960000000000003,
              42.8615
            ],
            [
              3.7965,
              42.862
            ],
            [
              3.7965,
              42.863
            ],
            [
              3.7965,
              42.864
            ],
            [
              3.7965,
              42.865
            ],
            [
              3.7965,
              42.866
            ],
            [
              3.7965,
              42.867
            ],
            [
              3.7965,
              42.868
            ],
            [
              3.7965,
              42.869
            ],
            [
              3.7965,
              42.87
            ],
            [
              3.7965,
              42.871
            ],
            [
              3.797,
              42.8715
            ],
            [
              3.7975000000000003,
              42.872
            ],
            [
              3.798,
              42.8725
            ],
            [
              3.7985,
              42.873
            ],
            [
              3.7985,
              42.874
            ],
            [
              3.7990000000000004,
              42.8745
            ],
            [
              3.7995,
              42.875
            ],
            [
              3.7995,
              42.876
            ],
            [
              3.8000000000000003,
              42.8765
            ],
            [
              3.8005000000000004,
              42.877
            ],
            [
              3.8005000000000004,
              42.878
            ],
            [
              3.801,
              42.8785
            ],
            [
              3.8015,
              42.879
            ],
            [
              3.8015,
              42.88
            ],
            [
              3.802,
              42.8805
            ],
            [
              3.8025,
              42.881
            ],
            [
              3.8025,
              42.882
            ],
            [
              3.8025,
              42.883
            ],
            [
              3.8025,
              42.884
            ],
            [
              3.8025,
              42.885
            ],
            [
              3.8025,
              42.886
            ],
            [
              3.802,
              42.8865
            ],
            [
              3.8015,
              42.887
            ],
            [
              3.801,
              42.8875
            ],
            [
              3.8000000000000003,
              42.8875
            ],
            [
              3.7990000000000004,
              42.8875
            ],
            [
              3.798,
              42.8875
            ],
            [
              3.797,
              42.8875
            ],
            [
              3.7960000000000003,
              42.8875
            ],
            [
              3.7950000000000004,
              42.8875
            ],
            [
              3.7945,
              42.888
            ],
            [
              3.7945,
              42.889
            ],
            [
              3.7940000000000005,
              42.8895
            ],
            [
              3.7935000000000003,
              42.89
            ],
            [
              3.793,
              42.8905
            ],
            [
              3.7920000000000003,
              42.8905
            ],
            [
              3.7910000000000004,
              42.8905
            ],
            [
              3.79,
              42.8905
            ],
            [
              3.789,
              42.8905
            ],
            [
              3.7880000000000003,
              42.8905
            ],
            [
              3.7875000000000005,
              42.891
            ],
            [
              3.7870000000000004,
              42.8915
            ],
            [
              3.7860000000000005,
              42.8915
            ],
            [
              3.7855000000000003,
              42.892
            ],
            [
              3.785,
              42.8925
            ],
            [
              3.7840000000000003,
              42.8925
            ],
            [
              3.7835,
              42.893
            ],
            [
              3.7830000000000004,
              42.8935
            ],
            [
              3.7825,
              42.894
            ],
            [
              3.7825,
              42.895
            ],
            [
              3.782,
              42.8955
            ],
            [
              3.781,
              42.8955
            ],
            [
              3.7805,
              42.896
            ],
            [
              3.7800000000000002,
              42.8965
            ],
            [
              3.7790000000000004,
              42.8965
            ],
            [
              3.7780000000000005,
              42.8965
            ],
            [
              3.777,
              42.8965
            ],
            [
              3.7760000000000002,
              42.8965
            ],
            [
              3.7755,
              42.896
            ],
            [
              3.7750000000000004,
              42.8955
            ],
            [
              3.774,
              42.8955
            ],
            [
              3.7735000000000003,
              42.895
            ],
            [
              3.773,
              42.8945
            ],
            [
              3.7720000000000002,
              42.8945
            ],
            [
              3.7715000000000005,
              42.895
            ],
            [
              3.7710000000000004,
              42.8955
            ],
            [
              3.7705,
              42.896
            ],
            [
              3.7705,
              42.897
            ],
            [
              3.7705,
              42.898
            ],
            [
              3.7705,
              42.899
            ],
            [
              3.7700000000000005,
              42.8995
            ],
            [
              3.769,
              42.8995
            ],
            [
              3.7685000000000004,
              42.9
            ],
            [
              3.7680000000000002,
              42.9005
            ],
            [
              3.7670000000000003,
              42.9005
            ],
            [
              3.7665,
              42.9
            ],
            [
              3.766,
              42.8995
            ],
            [
              3.765,
              42.8995
            ],
            [
              3.7645,
              42.899
            ],
            [
              3.7640000000000002,
              42.8985
            ],
            [
              3.7630000000000003,
              42.8985
            ],
            [
              3.7625,
              42.898
            ],
            [
              3.7620000000000005,
              42.8975
            ],
            [
              3.7615000000000003,
              42.897
            ],
            [
              3.7615000000000003,
              42.896
            ],
            [
              3.761,
              42.8955
            ],
            [
              3.7600000000000002,
              42.8955
            ],
            [
              3.7595,
              42.895
            ],
            [
              3.7590000000000003,
              42.8945
            ],
            [
              3.758,
              42.8945
            ],
            [
              3.757,
              42.8945
            ],
            [
              3.7560000000000002,
              42.8945
            ],
            [
              3.7550000000000003,
              42.8945
            ],
            [
              3.7540000000000004,
              42.8945
            ],
            [
              3.753,
              42.8945
            ],
            [
              3.7520000000000002,
              42.8945
            ],
            [
              3.7510000000000003,
              42.8945
            ],
            [
              3.75,
              42.8945
            ],
            [
              3.7495000000000003,
              42.894
            ],
            [
              3.749,
              42.8935
            ],
            [
              3.748,
              42.8935
            ],
            [
              3.7470000000000003,
              42.8935
            ],
            [
              3.7465,
              42.894
            ],
            [
              3.7460000000000004,
              42.8945
            ],
            [
              3.745,
              42.8945
            ],
            [
              3.744,
              42.8945
            ],
            [
              3.7435,
              42.894
            ],
            [
              3.7430000000000003,
              42.8935
            ],
            [
              3.742,
              42.8935
            ],
            [
              3.7415000000000003,
              42.893
            ],
            [
              3.741,
              42.8925
            ],
            [
              3.74,
              42.8925
            ],
            [
              3.7395000000000005,
              42.892
            ],
            [
              3.7390000000000003,
              42.8915
            ],
            [
              3.7385,
              42.891
            ],
            [
              3.7380000000000004,
              42.8905
            ],
            [
              3.7375000000000003,
              42.89
            ],
            [
              3.737,
              42.8895
            ],
            [
              3.736,
              42.8895
            ],
            [
              3.7350000000000003,
              42.8895
            ],
            [
              3.734,
              42.8895
            ],
            [
              3.733,
              42.8895
            ],
            [
              3.732,
              42.8895
            ],
            [
              3.7315000000000005,
              42.889
            ],
            [
              3.7310000000000003,
              42.8885
            ],
            [
              3.7300000000000004,
              42.8885
            ],
            [
              3.729,
              42.8885
            ],
            [
              3.728,
              42.8885
            ],
            [
              3.7270000000000003,
              42.8885
            ],
            [
              3.726,
              42.8885
            ],
            [
              3.7255000000000003,
              42.888
            ],
            [
              3.725,
              42.8875
            ],
            [
              3.724,
              42.8875
            ],
            [
              3.7235000000000005,
              42.887
            ],
            [
              3.7230000000000003,
              42.8865
            ],
            [
              3.7220000000000004,
              42.8865
            ],
            [
              3.721,
              42.8865
            ],
            [
              3.7205000000000004,
              42.886
            ],
            [
              3.72,
              42.8855
            ],
            [
              3.7190000000000003,
              42.8855
            ],
            [
              3.718,
              42.8855
            ],
            [
              3.717,
              42.8855
            ],
            [
              3.7165,
              42.885
            ],
            [
              3.716,
              42.8845
            ],
            [
              3.7150000000000003,
              42.8845
            ],
            [
              3.7140000000000004,
              42.8845
            ],
            [
              3.713,
              42.8845
            ],
            [
              3.712,
              42.8845
            ],
            [
              3.7110000000000003,
              42.8845
            ],
            [
              3.71,
              42.8845
            ],
            [
              3.709,
              42.8845
            ],
            [
              3.7085,
              42.884
            ],
            [
              3.708,
              42.8835
            ],
            [
              3.7070000000000003,
              42.8835
            ],
            [
              3.7060000000000004,
              42.8835
            ],
            [
              3.7055000000000002,
              42.883
            ],
            [
              3.705,
              42.8825
            ],
            [
              3.704,
              42.8825
            ],
            [
              3.7035,
              42.882
            ],
            [
              3.7030000000000003,
              42.8815
            ],
            [
              3.702,
              42.8815
            ],
            [
              3.7015000000000002,
              42.881
            ],
            [
              3.701,
              42.8805
            ],
            [
              3.7,
              42.8805
            ],
            [
              3.6995000000000005,
              42.88
            ],
            [
              3.6990000000000003,
              42.8795
            ],
            [
              3.6980000000000004,
              42.8795
            ],
            [
              3.6975000000000002,
              42.879
            ],
            [
              3.697,
              42.8785
            ],
            [
              3.6965000000000003,
              42.878
            ],
            [
              3.696,
              42.8775
            ],
            [
              3.6955,
              42.877
            ],
            [
              3.6955,
              42.876
            ],
            [
              3.696,
              42.8755
            ],
            [
              3.6965000000000003,
              42.875
            ],
            [
              3.6965000000000003,
              42.874
            ],
            [
              3.6965000000000003,
              42.873
            ],
            [
              3.696,
              42.8725
            ],
            [
              3.6955,
              42.872
            ],
            [
              3.6955,
              42.871
            ],
            [
              3.6950000000000003,
              42.8705
            ],
            [
              3.6945,
              42.87
            ],
            [
              3.694,
              42.8695
            ],
            [
              3.6935000000000002,
              42.869
            ],
            [
              3.693,
              42.8685
            ],
            [
              3.6925,
              42.868
            ],
            [
              3.692,
              42.8675
            ],
            [
              3.6915000000000004,
              42.867
            ],
            [
              3.6910000000000003,
              42.8665
            ],
            [
              3.6900000000000004,
              42.8665
            ],
            [
              3.6895000000000002,
              42.866
            ],
            [
              3.689,
              42.8655
            ],
            [
              3.688,
              42.8655
            ],
            [
              3.6870000000000003,
              42.8655
            ],
            [
              3.686,
              42.8655
            ],
            [
              3.685,
              42.8655
            ],
            [
              3.6845,
              42.866
            ],
            [
              3.684,
              42.8665
            ],
            [
              3.6830000000000003,
              42.8665
            ],
            [
              3.6820000000000004,
              42.8665
            ],
            [
              3.681,
              42.8665
            ],
            [
              3.68,
              42.8665
            ],
            [
              3.6790000000000003,
              42.8665
            ],
            [
              3.6785,
              42.866
            ],
            [
              3.678,
              42.8655
            ],
            [
              3.677,
              42.8655
            ],
            [
              3.676,
              42.8655
            ],
            [
              3.6755000000000004,
              42.865
            ],
            [
              3.6750000000000003,
              42.8645
            ],
            [
              3.6740000000000004,
              42.8645
            ],
            [
              3.673,
              42.8645
            ],
            [
              3.672,
              42.8645
            ],
            [
              3.6710000000000003,
              42.8645
            ],
            [
              3.67,
              42.8645
            ],
            [
              3.669,
              42.8645
            ],
            [
              3.668,
              42.8645
            ],
            [
              3.6670000000000003,
              42.8645
            ],
            [
              3.6660000000000004,
              42.8645
            ],
            [
              3.665,
              42.8645
            ],
            [
              3.664,
              42.8645
            ],
            [
              3.6635,
              42.864
            ],
            [
              3.6630000000000003,
              42.8635
            ],
            [
              3.6625000000000005,
              42.863
            ],
            [
              3.6625000000000005,
              42.862
            ],
            [
              3.6625000000000005,
              42.861
            ],
            [
              3.6625000000000005,
              42.86
            ],
            [
              3.6620000000000004,
              42.8595
            ],
            [
              3.6615,
              42.859
            ],
            [
              3.6610000000000005,
              42.85850000000001
            ],
            [
              3.6605000000000003,
              42.858000000000004
            ],
            [
              3.6605000000000003,
              42.857
            ],
            [
              3.6605000000000003,
              42.856
            ],
            [
              3.6605000000000003,
              42.855000000000004
            ],
            [
              3.6605000000000003,
              42.854
            ],
            [
              3.66,
              42.8535
            ],
            [
              3.6595000000000004,
              42.853
            ],
            [
              3.6590000000000003,
              42.852500000000006
            ],
            [
              3.6580000000000004,
              42.852500000000006
            ],
            [
              3.6575,
              42.852000000000004
            ],
            [
              3.657,
              42.8515
            ],
            [
              3.656,
              42.8515
            ],
            [
              3.6550000000000002,
              42.8515
            ],
            [
              3.6540000000000004,
              42.8515
            ],
            [
              3.6535,
              42.851
            ],
            [
              3.6530000000000005,
              42.8505
            ],
            [
              3.652,
              42.8505
            ],
            [
              3.6510000000000002,
              42.8505
            ],
            [
              3.6500000000000004,
              42.8505
            ],
            [
              3.6495,
              42.85
            ],
            [
              3.649,
              42.849500000000006
            ],
            [
              3.648,
              42.849500000000006
            ],
            [
              3.6475,
              42.849000000000004
            ],
            [
              3.6470000000000002,
              42.8485
            ],
            [
              3.6460000000000004,
              42.8485
            ],
            [
              3.6450000000000005,
              42.8485
            ],
            [
              3.644,
              42.8485
            ],
            [
              3.6430000000000002,
              42.8485
            ],
            [
              3.6420000000000003,
              42.8485
            ],
            [
              3.641,
              42.8485
            ],
            [
              3.64,
              42.8485
            ],
            [
              3.6390000000000002,
              42.8485
            ],
            [
              3.6385000000000005,
              42.848
            ],
            [
              3.6380000000000003,
              42.8475
            ],
            [
              3.6370000000000005,
              42.8475
            ],
            [
              3.6365000000000003,
              42.847
            ],
            [
              3.636,
              42.846500000000006
            ],
            [
              3.6355000000000004,
              42.846000000000004
            ],
            [
              3.6350000000000002,
              42.8455
            ],
            [
              3.6345,
              42.845
            ],
            [
              3.6345,
              42.844
            ],
            [
              3.6345,
              42.843
            ],
            [
              3.6350000000000002,
              42.8425
            ],
            [
              3.6355000000000004,
              42.842
            ],
            [
              3.636,
              42.841499999999996
            ],
            [
              3.6365000000000003,
              42.841
            ],
            [
              3.6365000000000003,
              42.84
            ],
            [
              3.636,
              42.8395
            ],
            [
              3.6355000000000004,
              42.839
            ],
            [
              3.6350000000000002,
              42.838499999999996
            ],
            [
              3.6340000000000003,
              42.838499999999996
            ],
            [
              3.633,
              42.838499999999996
            ],
            [
              3.632,
              42.838499999999996
            ],
            [
              3.6315,
              42.838
            ],
            [
              3.6310000000000002,
              42.837500000000006
            ],
            [
              3.6305000000000005,
              42.837
            ],
            [
              3.6300000000000003,
              42.8365
            ],
            [
              3.6295,
              42.836
            ],
            [
              3.6290000000000004,
              42.835499999999996
            ],
            [
              3.6285000000000003,
              42.835
            ],
            [
              3.628,
              42.834500000000006
            ],
            [
              3.6275000000000004,
              42.834
            ],
            [
              3.6275000000000004,
              42.833
            ],
            [
              3.628,
              42.832499999999996
            ],
            [
              3.6290000000000004,
              42.832499999999996
            ],
            [
              3.6295,
              42.832
            ],
            [
              3.6300000000000003,
              42.831500000000005
            ],
            [
              3.6305000000000005,
              42.831
            ],
            [
              3.6310000000000002,
              42.8305
            ],
            [
              3.6315,
              42.83
            ],
            [
              3.6310000000000002,
              42.829499999999996
            ],
            [
              3.6305000000000005,
              42.829
            ],
            [
              3.6300000000000003,
              42.828500000000005
            ],
            [
              3.6290000000000004,
              42.828500000000005
            ],
            [
              3.628,
              42.828500000000005
            ],
            [
              3.6270000000000002,
              42.828500000000005
            ],
            [
              3.6260000000000003,
              42.828500000000005
            ],
            [
              3.6255,
              42.828
            ],
            [
              3.625,
              42.8275
            ],
            [
              3.624,
              42.8275
            ],
            [
              3.623,
              42.8275
            ],
            [
              3.6220000000000003,
              42.8275
            ],
            [
              3.6210000000000004,
              42.8275
            ],
            [
              3.6205000000000003,
              42.827
            ],
            [
              3.62,
              42.826499999999996
            ],
            [
              3.619,
              42.826499999999996
            ],
            [
              3.6185,
              42.826
            ],
            [
              3.6180000000000003,
              42.825500000000005
            ],
            [
              3.617,
              42.825500000000005
            ],
            [
              3.616,
              42.825500000000005
            ],
            [
              3.6155,
              42.825
            ],
            [
              3.615,
              42.8245
            ],
            [
              3.6145000000000005,
              42.824
            ],
            [
              3.6140000000000003,
              42.823499999999996
            ],
            [
              3.6135,
              42.823
            ],
            [
              3.6130000000000004,
              42.822500000000005
            ],
            [
              3.6125000000000003,
              42.822
            ],
            [
              3.6125000000000003,
              42.821
            ],
            [
              3.6130000000000004,
              42.820499999999996
            ],
            [
              3.6135,
              42.82
            ],
            [
              3.6140000000000003,
              42.819500000000005
            ],
            [
              3.6145000000000005,
              42.819
            ],
            [
              3.6145000000000005,
              42.818
            ],
            [
              3.615,
              42.817499999999995
            ],
            [
              3.6155,
              42.817
            ],
            [
              3.6155,
              42.816
            ],
            [
              3.616,
              42.8155
            ],
            [
              3.6165000000000003,
              42.815
            ],
            [
              3.617,
              42.814499999999995
            ],
            [
              3.6175,
              42.814
            ],
            [
              3.6175,
              42.813
            ],
            [
              3.617,
              42.8125
            ],
            [
              3.616,
              42.8125
            ],
            [
              3.615,
              42.8125
            ],
            [
              3.6140000000000003,
              42.8125
            ],
            [
              3.6130000000000004,
              42.8125
            ],
            [
              3.612,
              42.8125
            ],
            [
              3.6115000000000004,
              42.813
            ],
            [
              3.611,
              42.813500000000005
            ],
            [
              3.6100000000000003,
              42.813500000000005
            ],
            [
              3.609,
              42.813500000000005
            ],
            [
              3.608,
              42.813500000000005
            ],
            [
              3.607,
              42.813500000000005
            ],
            [
              3.6065000000000005,
              42.814
            ],
            [
              3.6060000000000003,
              42.814499999999995
            ],
            [
              3.6050000000000004,
              42.814499999999995
            ],
            [
              3.604,
              42.814499999999995
            ],
            [
              3.6035000000000004,
              42.815
            ],
            [
              3.603,
              42.8155
            ],
            [
              3.6020000000000003,
              42.8155
            ],
            [
              3.6015,
              42.816
            ],
            [
              3.601,
              42.816500000000005
            ],
            [
              3.6005000000000003,
              42.817
            ],
            [
              3.6,
              42.817499999999995
            ],
            [
              3.599,
              42.817499999999995
            ],
            [
              3.5985000000000005,
              42.818
            ],
            [
              3.5980000000000003,
              42.8185
            ],
            [
              3.5970000000000004,
              42.8185
            ],
            [
              3.596,
              42.8185
            ],
            [
              3.595,
              42.8185
            ],
            [
              3.5940000000000003,
              42.8185
            ],
            [
              3.593,
              42.8185
            ],
            [
              3.592,
              42.8185
            ],
            [
              3.591,
              42.8185
            ],
            [
              3.5905000000000005,
              42.819
            ],
            [
              3.5900000000000003,
              42.819500000000005
            ],
            [
              3.5890000000000004,
              42.819500000000005
            ],
            [
              3.588,
              42.819500000000005
            ],
            [
              3.5875000000000004,
              42.82
            ],
            [
              3.587,
              42.820499999999996
            ],
            [
              3.5865,
              42.821
            ],
            [
              3.5860000000000003,
              42.8215
            ],
            [
              3.585,
              42.8215
            ],
            [
              3.5845000000000002,
              42.822
            ],
            [
              3.584,
              42.822500000000005
            ],
            [
              3.583,
              42.822500000000005
            ],
            [
              3.5825000000000005,
              42.823
            ],
            [
              3.5820000000000003,
              42.823499999999996
            ],
            [
              3.5810000000000004,
              42.823499999999996
            ],
            [
              3.5805000000000002,
              42.824
            ],
            [
              3.58,
              42.8245
            ],
            [
              3.579,
              42.8245
            ],
            [
              3.5780000000000003,
              42.8245
            ],
            [
              3.5775,
              42.825
            ],
            [
              3.577,
              42.825500000000005
            ],
            [
              3.576,
              42.825500000000005
            ],
            [
              3.575,
              42.825500000000005
            ],
            [
              3.5740000000000003,
              42.825500000000005
            ],
            [
              3.5735,
              42.826
            ],
            [
              3.5730000000000004,
              42.826499999999996
            ],
            [
              3.572,
              42.826499999999996
            ],
            [
              3.571,
              42.826499999999996
            ],
            [
              3.5705,
              42.827
            ],
            [
              3.5700000000000003,
              42.8275
            ],
            [
              3.569,
              42.8275
            ],
            [
              3.568,
              42.8275
            ],
            [
              3.567,
              42.8275
            ],
            [
              3.5665000000000004,
              42.828
            ],
            [
              3.5660000000000003,
              42.828500000000005
            ],
            [
              3.5655,
              42.828
            ],
            [
              3.5650000000000004,
              42.8275
            ],
            [
              3.564,
              42.8275
            ],
            [
              3.5635000000000003,
              42.828
            ],
            [
              3.563,
              42.828500000000005
            ],
            [
              3.5620000000000003,
              42.828500000000005
            ],
            [
              3.561,
              42.828500000000005
            ],
            [
              3.56,
              42.828500000000005
            ],
            [
              3.559,
              42.828500000000005
            ],
            [
              3.5585000000000004,
              42.829
            ],
            [
              3.5580000000000003,
              42.829499999999996
            ],
            [
              3.5570000000000004,
              42.829499999999996
            ],
            [
              3.556,
              42.829499999999996
            ],
            [
              3.5555000000000003,
              42.83
            ],
            [
              3.555,
              42.8305
            ],
            [
              3.5545,
              42.831
            ],
            [
              3.5540000000000003,
              42.831500000000005
            ],
            [
              3.5535,
              42.832
            ],
            [
              3.553,
              42.832499999999996
            ],
            [
              3.552,
              42.832499999999996
            ],
            [
              3.551,
              42.832499999999996
            ],
            [
              3.5500000000000003,
              42.832499999999996
            ],
            [
              3.5495,
              42.832
            ],
            [
              3.5490000000000004,
              42.831500000000005
            ],
            [
              3.548,
              42.831500000000005
            ],
            [
              3.5475000000000003,
              42.831
            ],
            [
              3.547,
              42.8305
            ],
            [
              3.5465,
              42.83
            ],
            [
              3.5460000000000003,
              42.829499999999996
            ],
            [
              3.5455,
              42.829
            ],
            [
              3.545,
              42.828500000000005
            ],
            [
              3.544,
              42.828500000000005
            ],
            [
              3.5435,
              42.829
            ],
            [
              3.543,
              42.829499999999996
            ],
            [
              3.5425000000000004,
              42.83
            ],
            [
              3.5420000000000003,
              42.8305
            ],
            [
              3.5415,
              42.831
            ],
            [
              3.5410000000000004,
              42.831500000000005
            ],
            [
              3.5405,
              42.832
            ],
            [
              3.5405,
              42.833
            ],
            [
              3.5405,
              42.834
            ],
            [
              3.5405,
              42.835
            ],
            [
              3.5405,
              42.836
            ],
            [
              3.5405,
              42.837
            ],
            [
              3.5410000000000004,
              42.837500000000006
            ],
            [
              3.5415,
              42.838
            ],
            [
              3.5415,
              42.839
            ],
            [
              3.5420000000000003,
              42.8395
            ],
            [
              3.5425000000000004,
              42.84
            ],
            [
              3.543,
              42.840500000000006
            ],
            [
              3.5435,
              42.841
            ],
            [
              3.544,
              42.841499999999996
            ],
            [
              3.5445,
              42.842
            ],
            [
              3.545,
              42.8425
            ],
            [
              3.5460000000000003,
              42.8425
            ],
            [
              3.5465,
              42.843
            ],
            [
              3.547,
              42.843500000000006
            ],
            [
              3.548,
              42.843500000000006
            ],
            [
              3.5490000000000004,
              42.843500000000006
            ],
            [
              3.5495,
              42.844
            ],
            [
              3.5500000000000003,
              42.8445
            ],
            [
              3.551,
              42.8445
            ],
            [
              3.5515,
              42.845
            ],
            [
              3.5515,
              42.846000000000004
            ],
            [
              3.5515,
              42.847
            ],
            [
              3.551,
              42.8475
            ],
            [
              3.5505000000000004,
              42.848
            ],
            [
              3.5500000000000003,
              42.8485
            ],
            [
              3.5490000000000004,
              42.8485
            ],
            [
              3.548,
              42.8485
            ],
            [
              3.5475000000000003,
              42.849000000000004
            ],
            [
              3.547,
              42.849500000000006
            ],
            [
              3.5460000000000003,
              42.849500000000006
            ],
            [
              3.5455,
              42.849000000000004
            ],
            [
              3.545,
              42.8485
            ],
            [
              3.544,
              42.8485
            ],
            [
              3.543,
              42.8485
            ],
            [
              3.5425000000000004,
              42.848
            ],
            [
              3.5420000000000003,
              42.8475
            ],
            [
              3.5410000000000004,
              42.8475
            ],
            [
              3.5405,
              42.847
            ],
            [
              3.54,
              42.846500000000006
            ],
            [
              3.539,
              42.846500000000006
            ],
            [
              3.5385,
              42.846000000000004
            ],
            [
              3.5380000000000003,
              42.8455
            ],
            [
              3.5375000000000005,
              42.845
            ],
            [
              3.5370000000000004,
              42.8445
            ],
            [
              3.5365,
              42.844
            ],
            [
              3.5360000000000005,
              42.843500000000006
            ],
            [
              3.5355000000000003,
              42.843
            ],
            [
              3.535,
              42.8425
            ],
            [
              3.5345000000000004,
              42.842
            ],
            [
              3.5340000000000003,
              42.841499999999996
            ],
            [
              3.5335,
              42.841
            ],
            [
              3.5330000000000004,
              42.840500000000006
            ],
            [
              3.532,
              42.840500000000006
            ],
            [
              3.5315000000000003,
              42.84
            ],
            [
              3.531,
              42.8395
            ],
            [
              3.5305,
              42.839
            ],
            [
              3.5300000000000002,
              42.838499999999996
            ],
            [
              3.5295000000000005,
              42.838
            ],
            [
              3.5290000000000004,
              42.837500000000006
            ],
            [
              3.5285,
              42.837
            ],
            [
              3.5280000000000005,
              42.8365
            ],
            [
              3.5275000000000003,
              42.836
            ],
            [
              3.527,
              42.835499999999996
            ],
            [
              3.5265000000000004,
              42.835
            ],
            [
              3.5260000000000002,
              42.834500000000006
            ],
            [
              3.5255,
              42.834
            ],
            [
              3.5250000000000004,
              42.8335
            ],
            [
              3.5245,
              42.833
            ],
            [
              3.524,
              42.832499999999996
            ],
            [
              3.523,
              42.832499999999996
            ],
            [
              3.5225,
              42.832
            ],
            [
              3.5225,
              42.831
            ],
            [
              3.5220000000000002,
              42.8305
            ],
            [
              3.5215000000000005,
              42.83
            ],
            [
              3.5210000000000004,
              42.829499999999996
            ],
            [
              3.5200000000000005,
              42.829499999999996
            ],
            [
              3.519,
              42.829499999999996
            ],
            [
              3.5185000000000004,
              42.829
            ],
            [
              3.5180000000000002,
              42.828500000000005
            ],
            [
              3.5175,
              42.828
            ],
            [
              3.5170000000000003,
              42.8275
            ],
            [
              3.5165,
              42.827
            ],
            [
              3.516,
              42.826499999999996
            ],
            [
              3.5155000000000003,
              42.826
            ],
            [
              3.515,
              42.825500000000005
            ],
            [
              3.5145,
              42.825
            ],
            [
              3.5145,
              42.824
            ],
            [
              3.5145,
              42.823
            ],
            [
              3.5140000000000002,
              42.822500000000005
            ],
            [
              3.5135000000000005,
              42.822
            ],
            [
              3.5130000000000003,
              42.8215
            ],
            [
              3.5125,
              42.821
            ],
            [
              3.5120000000000005,
              42.820499999999996
            ],
            [
              3.5115000000000003,
              42.82
            ],
            [
              3.5120000000000005,
              42.819500000000005
            ],
            [
              3.5125,
              42.819
            ],
            [
              3.5125,
              42.818
            ],
            [
              3.5130000000000003,
              42.817499999999995
            ],
            [
              3.5135000000000005,
              42.817
            ],
            [
              3.5140000000000002,
              42.816500000000005
            ],
            [
              3.5145,
              42.816
            ],
            [
              3.515,
              42.8155
            ],
            [
              3.5155000000000003,
              42.815
            ],
            [
              3.516,
              42.814499999999995
            ],
            [
              3.5165,
              42.814
            ],
            [
              3.5170000000000003,
              42.813500000000005
            ],
            [
              3.5180000000000002,
              42.813500000000005
            ],
            [
              3.5185000000000004,
              42.813
            ],
            [
              3.519,
              42.8125
            ],
            [
              3.5200000000000005,
              42.8125
            ],
            [
              3.5210000000000004,
              42.8125
            ],
            [
              3.5220000000000002,
              42.8125
            ],
            [
              3.523,
              42.8125
            ],
            [
              3.524,
              42.8125
            ],
            [
              3.5245,
              42.812
            ],
            [
              3.524,
              42.811499999999995
            ],
            [
              3.5235000000000003,
              42.811
            ],
            [
              3.5235000000000003,
              42.81
            ],
            [
              3.5235000000000003,
              42.809
            ],
            [
              3.523,
              42.808499999999995
            ],
            [
              3.5225,
              42.808
            ],
            [
              3.5225,
              42.807
            ],
            [
              3.5225,
              42.806
            ],
            [
              3.5225,
              42.805
            ],
            [
              3.523,
              42.804500000000004
            ],
            [
              3.5235000000000003,
              42.804
            ],
            [
              3.524,
              42.8035
            ],
            [
              3.5245,
              42.803
            ],
            [
              3.5250000000000004,
              42.802499999999995
            ],
            [
              3.5255,
              42.802
            ],
            [
              3.5250000000000004,
              42.801500000000004
            ],
            [
              3.524,
              42.801500000000004
            ],
            [
              3.5235000000000003,
              42.801
            ],
            [
              3.523,
              42.8005
            ],
            [
              3.5225,
              42.8
            ],
            [
              3.5220000000000002,
              42.799499999999995
            ],
            [
              3.5215000000000005,
              42.799
            ],
            [
              3.5210000000000004,
              42.798500000000004
            ],
            [
              3.5200000000000005,
              42.798500000000004
            ],
            [
              3.5195000000000003,
              42.798
            ],
            [
              3.519,
              42.7975
            ],
            [
              3.5180000000000002,
              42.7975
            ],
            [
              3.5170000000000003,
              42.7975
            ],
            [
              3.516,
              42.7975
            ],
            [
              3.515,
              42.7975
            ],
            [
              3.5145,
              42.798
            ],
            [
              3.5140000000000002,
              42.798500000000004
            ],
            [
              3.5130000000000003,
              42.798500000000004
            ],
            [
              3.5120000000000005,
              42.798500000000004
            ],
            [
              3.511,
              42.798500000000004
            ],
            [
              3.5100000000000002,
              42.798500000000004
            ],
            [
              3.5090000000000003,
              42.798500000000004
            ],
            [
              3.508,
              42.798500000000004
            ],
            [
              3.507,
              42.798500000000004
            ],
            [
              3.5060000000000002,
              42.798500000000004
            ],
            [
              3.5050000000000003,
              42.798500000000004
            ],
            [
              3.5040000000000004,
              42.798500000000004
            ],
            [
              3.503,
              42.798500000000004
            ],
            [
              3.5020000000000002,
              42.798500000000004
            ],
            [
              3.5010000000000003,
              42.798500000000004
            ],
            [
              3.5005,
              42.799
            ],
            [
              3.5,
              42.799499999999995
            ],
            [
              3.499,
              42.799499999999995
            ],
            [
              3.498,
              42.799499999999995
            ],
            [
              3.4975000000000005,
              42.799
            ],
            [
              3.4970000000000003,
              42.798500000000004
            ],
            [
              3.4965,
              42.799
            ],
            [
              3.4960000000000004,
              42.799499999999995
            ],
            [
              3.495,
              42.799499999999995
            ],
            [
              3.494,
              42.799499999999995
            ],
            [
              3.4930000000000003,
              42.799499999999995
            ],
            [
              3.492,
              42.799499999999995
            ],
            [
              3.4915000000000003,
              42.8
            ],
            [
              3.491,
              42.8005
            ],
            [
              3.49,
              42.8005
            ],
            [
              3.4890000000000003,
              42.8005
            ],
            [
              3.4880000000000004,
              42.8005
            ],
            [
              3.487,
              42.8005
            ],
            [
              3.486,
              42.8005
            ],
            [
              3.4850000000000003,
              42.8005
            ],
            [
              3.484,
              42.8005
            ],
            [
              3.483,
              42.8005
            ],
            [
              3.4825,
              42.8
            ],
            [
              3.4825,
              42.799
            ],
            [
              3.482,
              42.798500000000004
            ],
            [
              3.4815000000000005,
              42.798
            ],
            [
              3.4815000000000005,
              42.797
            ],
            [
              3.482,
              42.796499999999995
            ],
            [
              3.4825,
              42.796
            ],
            [
              3.4825,
              42.795
            ],
            [
              3.4825,
              42.794
            ],
            [
              3.4825,
              42.793
            ],
            [
              3.4825,
              42.792
            ],
            [
              3.4825,
              42.791
            ],
            [
              3.482,
              42.790499999999994
            ],
            [
              3.4815000000000005,
              42.79
            ],
            [
              3.4815000000000005,
              42.789
            ],
            [
              3.4815000000000005,
              42.788000000000004
            ],
            [
              3.482,
              42.7875
            ],
            [
              3.4825,
              42.787
            ],
            [
              3.483,
              42.786500000000004
            ],
            [
              3.4835000000000003,
              42.786
            ],
            [
              3.484,
              42.7855
            ],
            [
              3.4845,
              42.785000000000004
            ],
            [
              3.4845,
              42.784
            ],
            [
              3.4845,
              42.783
            ],
            [
              3.4845,
              42.782000000000004
            ],
            [
              3.4845,
              42.781
            ],
            [
              3.484,
              42.7805
            ],
            [
              3.4835000000000003,
              42.78
            ],
            [
              3.483,
              42.7795
            ],
            [
              3.4825,
              42.779
            ],
            [
              3.4825,
              42.778
            ],
            [
              3.482,
              42.7775
            ],
            [
              3.4815000000000005,
              42.777
            ],
            [
              3.4810000000000003,
              42.7765
            ],
            [
              3.4800000000000004,
              42.7765
            ],
            [
              3.4795000000000003,
              42.776
            ],
            [
              3.479,
              42.7755
            ],
            [
              3.478,
              42.7755
            ],
            [
              3.4775,
              42.775
            ],
            [
              3.4770000000000003,
              42.7745
            ],
            [
              3.476,
              42.7745
            ],
            [
              3.4755000000000003,
              42.774
            ],
            [
              3.475,
              42.7735
            ],
            [
              3.474,
              42.7735
            ],
            [
              3.4735000000000005,
              42.773
            ],
            [
              3.4730000000000003,
              42.7725
            ],
            [
              3.4725,
              42.772
            ],
            [
              3.4720000000000004,
              42.7715
            ],
            [
              3.4715000000000003,
              42.771
            ],
            [
              3.471,
              42.7705
            ],
            [
              3.4705000000000004,
              42.77
            ],
            [
              3.47,
              42.7695
            ],
            [
              3.4695,
              42.769
            ],
            [
              3.4690000000000003,
              42.7685
            ],
            [
              3.4685,
              42.768
            ],
            [
              3.468,
              42.7675
            ],
            [
              3.4675000000000002,
              42.767
            ],
            [
              3.467,
              42.7665
            ],
            [
              3.4665,
              42.766
            ],
            [
              3.466,
              42.7655
            ],
            [
              3.4655000000000005,
              42.765
            ],
            [
              3.4650000000000003,
              42.7645
            ],
            [
              3.4645,
              42.764
            ],
            [
              3.4640000000000004,
              42.7635
            ],
            [
              3.4635000000000002,
              42.763
            ],
            [
              3.4635000000000002,
              42.762
            ],
            [
              3.463,
              42.7615
            ],
            [
              3.4625000000000004,
              42.761
            ],
            [
              3.4625000000000004,
              42.76
            ],
            [
              3.462,
              42.7595
            ],
            [
              3.4615,
              42.759
            ],
            [
              3.4615,
              42.758
            ],
            [
              3.4615,
              42.757
            ],
            [
              3.4615,
              42.756
            ],
            [
              3.4615,
              42.755
            ],
            [
              3.4615,
              42.754
            ],
            [
              3.462,
              42.7535
            ],
            [
              3.4625000000000004,
              42.753
            ],
            [
              3.463,
              42.7525
            ],
            [
              3.4635000000000002,
              42.752
            ],
            [
              3.4640000000000004,
              42.7515
            ],
            [
              3.4645,
              42.751
            ],
            [
              3.4650000000000003,
              42.7505
            ],
            [
              3.4655000000000005,
              42.75
            ],
            [
              3.466,
              42.7495
            ],
            [
              3.4665,
              42.749
            ],
            [
              3.467,
              42.7485
            ],
            [
              3.4675000000000002,
              42.748
            ],
            [
              3.468,
              42.7475
            ],
            [
              3.4685,
              42.747
            ],
            [
              3.4690000000000003,
              42.7465
            ],
            [
              3.4695,
              42.746
            ],
            [
              3.47,
              42.7455
            ],
            [
              3.4705000000000004,
              42.745
            ],
            [
              3.4705000000000004,
              42.744
            ],
            [
              3.47,
              42.7435
            ],
            [
              3.4695,
              42.743
            ],
            [
              3.4695,
              42.742
            ],
            [
              3.4690000000000003,
              42.7415
            ],
            [
              3.4685,
              42.741
            ],
            [
              3.468,
              42.7405
            ],
            [
              3.4675000000000002,
              42.74
            ],
            [
              3.467,
              42.7395
            ],
            [
              3.4665,
              42.739
            ],
            [
              3.466,
              42.7385
            ],
            [
              3.4655000000000005,
              42.738
            ],
            [
              3.4655000000000005,
              42.737
            ],
            [
              3.4650000000000003,
              42.7365
            ],
            [
              3.4645,
              42.736
            ],
            [
              3.4645,
              42.735
            ],
            [
              3.4645,
              42.734
            ],
            [
              3.4650000000000003,
              42.73350000000001
            ],
            [
              3.4655000000000005,
              42.733000000000004
            ],
            [
              3.466,
              42.7325
            ],
            [
              3.4665,
              42.732
            ],
            [
              3.4665,
              42.731
            ],
            [
              3.466,
              42.730500000000006
            ],
            [
              3.4655000000000005,
              42.730000000000004
            ],
            [
              3.4650000000000003,
              42.7295
            ],
            [
              3.4645,
              42.729
            ],
            [
              3.4645,
              42.728
            ],
            [
              3.4640000000000004,
              42.727500000000006
            ],
            [
              3.4635000000000002,
              42.727000000000004
            ],
            [
              3.4640000000000004,
              42.7265
            ],
            [
              3.4645,
              42.726
            ],
            [
              3.4650000000000003,
              42.7255
            ],
            [
              3.466,
              42.7255
            ],
            [
              3.467,
              42.7255
            ],
            [
              3.468,
              42.7255
            ],
            [
              3.4690000000000003,
              42.7255
            ],
            [
              3.47,
              42.7255
            ],
            [
              3.471,
              42.7255
            ],
            [
              3.4715000000000003,
              42.726
            ],
            [
              3.4720000000000004,
              42.7265
            ],
            [
              3.4730000000000003,
              42.7265
            ],
            [
              3.474,
              42.7265
            ],
            [
              3.4745,
              42.727000000000004
            ],
            [
              3.475,
              42.727500000000006
            ],
            [
              3.476,
              42.727500000000006
            ],
            [
              3.4765,
              42.728
            ],
            [
              3.4770000000000003,
              42.7285
            ],
            [
              3.478,
              42.7285
            ],
            [
              3.479,
              42.7285
            ],
            [
              3.4795000000000003,
              42.728
            ],
            [
              3.4795000000000003,
              42.727000000000004
            ],
            [
              3.479,
              42.7265
            ],
            [
              3.4785000000000004,
              42.726
            ],
            [
              3.4785000000000004,
              42.725
            ],
            [
              3.478,
              42.724500000000006
            ],
            [
              3.4775,
              42.724000000000004
            ],
            [
              3.4775,
              42.723
            ],
            [
              3.4770000000000003,
              42.7225
            ],
            [
              3.4765,
              42.722
            ],
            [
              3.4765,
              42.721000000000004
            ],
            [
              3.476,
              42.7205
            ],
            [
              3.4755000000000003,
              42.72
            ],
            [
              3.4755000000000003,
              42.719
            ],
            [
              3.4755000000000003,
              42.718
            ],
            [
              3.475,
              42.7175
            ],
            [
              3.4745,
              42.717
            ],
            [
              3.4745,
              42.716
            ],
            [
              3.4745,
              42.715
            ],
            [
              3.4745,
              42.714
            ],
            [
              3.475,
              42.713499999999996
            ],
            [
              3.4755000000000003,
              42.713
            ],
            [
              3.476,
              42.712500000000006
            ],
            [
              3.4770000000000003,
              42.712500000000006
            ],
            [
              3.478,
              42.712500000000006
            ],
            [
              3.479,
              42.712500000000006
            ],
            [
              3.4800000000000004,
              42.712500000000006
            ],
            [
              3.4805,
              42.712
            ],
            [
              3.4810000000000003,
              42.7115
            ],
            [
              3.482,
              42.7115
            ],
            [
              3.4825,
              42.712
            ],
            [
              3.483,
              42.712500000000006
            ],
            [
              3.484,
              42.712500000000006
            ],
            [
              3.4850000000000003,
              42.712500000000006
            ],
            [
              3.486,
              42.712500000000006
            ],
            [
              3.4865000000000004,
              42.713
            ],
            [
              3.487,
              42.713499999999996
            ],
            [
              3.4880000000000004,
              42.713499999999996
            ],
            [
              3.4885,
              42.714
            ],
            [
              3.4890000000000003,
              42.7145
            ],
            [
              3.49,
              42.7145
            ],
            [
              3.4905,
              42.715
            ],
            [
              3.491,
              42.715500000000006
            ],
            [
              3.492,
              42.715500000000006
            ],
            [
              3.4930000000000003,
              42.715500000000006
            ],
            [
              3.4935,
              42.716
            ],
            [
              3.494,
              42.716499999999996
            ],
            [
              3.495,
              42.716499999999996
            ],
            [
              3.4960000000000004,
              42.716499999999996
            ],
            [
              3.4970000000000003,
              42.716499999999996
            ],
            [
              3.4975000000000005,
              42.717
            ],
            [
              3.498,
              42.7175
            ],
            [
              3.499,
              42.7175
            ],
            [
              3.5,
              42.7175
            ],
            [
              3.5010000000000003,
              42.7175
            ],
            [
              3.5020000000000002,
              42.7175
            ],
            [
              3.503,
              42.7175
            ],
            [
              3.5040000000000004,
              42.7175
            ],
            [
              3.5045,
              42.717
            ],
            [
              3.5050000000000003,
              42.716499999999996
            ],
            [
              3.5060000000000002,
              42.716499999999996
            ],
            [
              3.507,
              42.716499999999996
            ],
            [
              3.5075000000000003,
              42.716
            ],
            [
              3.508,
              42.715500000000006
            ],
            [
              3.5090000000000003,
              42.715500000000006
            ],
            [
              3.5095,
              42.716
            ],
            [
              3.5100000000000002,
              42.716499999999996
            ],
            [
              3.511,
              42.716499999999996
            ],
            [
              3.5120000000000005,
              42.716499999999996
            ],
            [
              3.5125,
              42.717
            ],
            [
              3.5130000000000003,
              42.7175
            ],
            [
              3.5135000000000005,
              42.718
            ],
            [
              3.5140000000000002,
              42.718500000000006
            ],
            [
              3.5145,
              42.719
            ],
            [
              3.5145,
              42.72
            ],
            [
              3.515,
              42.7205
            ],
            [
              3.5155000000000003,
              42.721000000000004
            ],
            [
              3.5155000000000003,
              42.722
            ],
            [
              3.5155000000000003,
              42.723
            ],
            [
              3.5155000000000003,
              42.724000000000004
            ],
            [
              3.5155000000000003,
              42.725
            ],
            [
              3.516,
              42.7255
            ],
            [
              3.5165,
              42.726
            ],
            [
              3.5165,
              42.727000000000004
            ],
            [
              3.5165,
              42.728
            ],
            [
              3.5165,
              42.729
            ],
            [
              3.5170000000000003,
              42.7295
            ],
            [
              3.5175,
              42.730000000000004
            ],
            [
              3.5175,
              42.731
            ],
            [
              3.5175,
              42.732
            ],
            [
              3.5175,
              42.733000000000004
            ],
            [
              3.5180000000000002,
              42.73350000000001
            ],
            [
              3.5185000000000004,
              42.734
            ],
            [
              3.519,
              42.7345
            ],
            [
              3.5195000000000003,
              42.735
            ],
            [
              3.5200000000000005,
              42.7355
            ],
            [
              3.5205,
              42.735
            ],
            [
              3.5210000000000004,
              42.7345
            ],
            [
              3.5215000000000005,
              42.734
            ],
            [
              3.5220000000000002,
              42.73350000000001
            ],
            [
              3.5225,
              42.733000000000004
            ],
            [
              3.523,
              42.7325
            ],
            [
              3.524,
              42.7325
            ],
            [
              3.5250000000000004,
              42.7325
            ],
            [
              3.5255,
              42.733000000000004
            ],
            [
              3.5260000000000002,
              42.73350000000001
            ],
            [
              3.5265000000000004,
              42.734
            ],
            [
              3.527,
              42.7345
            ],
            [
              3.5275000000000003,
              42.735
            ],
            [
              3.5280000000000005,
              42.7355
            ],
            [
              3.5285,
              42.736
            ],
            [
              3.5290000000000004,
              42.7365
            ],
            [
              3.5295000000000005,
              42.737
            ],
            [
              3.5300000000000002,
              42.7375
            ],
            [
              3.5305,
              42.738
            ],
            [
              3.531,
              42.7385
            ],
            [
              3.5315000000000003,
              42.739
            ],
            [
              3.5315000000000003,
              42.74
            ],
            [
              3.532,
              42.7405
            ],
            [
              3.5325,
              42.741
            ],
            [
              3.5325,
              42.742
            ],
            [
              3.5325,
              42.743
            ],
            [
              3.532,
              42.7435
            ],
            [
              3.5315000000000003,
              42.744
            ],
            [
              3.531,
              42.7445
            ],
            [
              3.5305,
              42.745
            ],
            [
              3.5305,
              42.746
            ],
            [
              3.5300000000000002,
              42.7465
            ],
            [
              3.5295000000000005,
              42.747
            ],
            [
              3.5295000000000005,
              42.748
            ],
            [
              3.5290000000000004,
              42.7485
            ],
            [
              3.5285,
              42.749
            ],
            [
              3.5280000000000005,
              42.7495
            ],
            [
              3.5275000000000003,
              42.75
            ],
            [
              3.527,
              42.7505
            ],
            [
              3.5265000000000004,
              42.751
            ],
            [
              3.5260000000000002,
              42.7515
            ],
            [
              3.5255,
              42.752
            ],
            [
              3.5250000000000004,
              42.7525
            ],
            [
              3.5245,
              42.753
            ],
            [
              3.5245,
              42.754
            ],
            [
              3.5245,
              42.755
            ],
            [
              3.5250000000000004,
              42.7555
            ],
            [
              3.5255,
              42.756
            ],
            [
              3.5255,
              42.757
            ],
            [
              3.5255,
              42.758
            ],
            [
              3.5250000000000004,
              42.7585
            ],
            [
              3.5245,
              42.759
            ],
            [
              3.5245,
              42.76
            ],
            [
              3.5245,
              42.761
            ],
            [
              3.5245,
              42.762
            ],
            [
              3.5250000000000004,
              42.7625
            ],
            [
              3.5255,
              42.763
            ],
            [
              3.5255,
              42.764
            ],
            [
              3.5260000000000002,
              42.7645
            ],
            [
              3.5265000000000004,
              42.765
            ],
            [
              3.5265000000000004,
              42.766
            ],
            [
              3.527,
              42.7665
            ],
            [
              3.5275000000000003,
              42.767
            ],
            [
              3.527,
              42.7675
            ],
            [
              3.5265000000000004,
              42.768
            ],
            [
              3.5265000000000004,
              42.769
            ],
            [
              3.5265000000000004,
              42.77
            ],
            [
              3.5265000000000004,
              42.771
            ],
            [
              3.527,
              42.7715
            ],
            [
              3.5275000000000003,
              42.772
            ],
            [
              3.5275000000000003,
              42.773
            ],
            [
              3.5280000000000005,
              42.7735
            ],
            [
              3.5285,
              42.774
            ],
            [
              3.5290000000000004,
              42.7745
            ],
            [
              3.5295000000000005,
              42.775
            ],
            [
              3.5295000000000005,
              42.776
            ],
            [
              3.5300000000000002,
              42.7765
            ],
            [
              3.5305,
              42.777
            ],
            [
              3.531,
              42.7775
            ],
            [
              3.532,
              42.7775
            ],
            [
              3.5325,
              42.778
            ],
            [
              3.5330000000000004,
              42.7785
            ],
            [
              3.5340000000000003,
              42.7785
            ],
            [
              3.535,
              42.7785
            ],
            [
              3.5360000000000005,
              42.7785
            ],
            [
              3.5370000000000004,
              42.7785
            ],
            [
              3.5380000000000003,
              42.7785
            ],
            [
              3.539,
              42.7785
            ],
            [
              3.54,
              42.7785
            ],
            [
              3.5410000000000004,
              42.7785
            ],
            [
              3.5420000000000003,
              42.7785
            ],
            [
              3.543,
              42.7785
            ],
            [
              3.5435,
              42.778
            ],
            [
              3.5435,
              42.777
            ],
            [
              3.544,
              42.7765
            ],
            [
              3.5445,
              42.776
            ],
            [
              3.544,
              42.7755
            ],
            [
              3.5435,
              42.775
            ],
            [
              3.5435,
              42.774
            ],
            [
              3.543,
              42.7735
            ],
            [
              3.5425000000000004,
              42.773
            ],
            [
              3.5425000000000004,
              42.772
            ],
            [
              3.5420000000000003,
              42.7715
            ],
            [
              3.5415,
              42.771
            ],
            [
              3.5415,
              42.77
            ],
            [
              3.5415,
              42.769
            ],
            [
              3.5415,
              42.768
            ],
            [
              3.5420000000000003,
              42.7675
            ],
            [
              3.5425000000000004,
              42.767
            ],
            [
              3.5425000000000004,
              42.766
            ],
            [
              3.5425000000000004,
              42.765
            ],
            [
              3.5425000000000004,
              42.764
            ],
            [
              3.543,
              42.7635
            ],
            [
              3.5435,
              42.763
            ],
            [
              3.544,
              42.7625
            ],
            [
              3.5445,
              42.762
            ],
            [
              3.545,
              42.7615
            ],
            [
              3.5460000000000003,
              42.7615
            ],
            [
              3.5465,
              42.761
            ],
            [
              3.547,
              42.7605
            ],
            [
              3.548,
              42.7605
            ],
            [
              3.5490000000000004,
              42.7605
            ],
            [
              3.5500000000000003,
              42.7605
            ],
            [
              3.5505000000000004,
              42.761
            ],
            [
              3.551,
              42.7615
            ],
            [
              3.552,
              42.7615
            ],
            [
              3.5525,
              42.762
            ],
            [
              3.553,
              42.7625
            ],
            [
              3.5540000000000003,
              42.7625
            ],
            [
              3.5545,
              42.763
            ],
            [
              3.5545,
              42.764
            ],
            [
              3.5545,
              42.765
            ],
            [
              3.5545,
              42.766
            ],
            [
              3.5545,
              42.767
            ],
            [
              3.5540000000000003,
              42.7675
            ],
            [
              3.5535,
              42.768
            ],
            [
              3.5535,
              42.769
            ],
            [
              3.5535,
              42.77
            ],
            [
              3.553,
              42.7705
            ],
            [
              3.5525,
              42.771
            ],
            [
              3.5525,
              42.772
            ],
            [
              3.5525,
              42.773
            ],
            [
              3.5525,
              42.774
            ],
            [
              3.5525,
              42.775
            ],
            [
              3.553,
              42.7755
            ],
            [
              3.5540000000000003,
              42.7755
            ],
            [
              3.555,
              42.7755
            ],
            [
              3.556,
              42.7755
            ],
            [
              3.5570000000000004,
              42.7755
            ],
            [
              3.5575,
              42.775
            ],
            [
              3.5580000000000003,
              42.7745
            ],
            [
              3.559,
              42.7745
            ],
            [
              3.56,
              42.7745
            ],
            [
              3.561,
              42.7745
            ],
            [
              3.5615,
              42.774
            ],
            [
              3.5620000000000003,
              42.7735
            ],
            [
              3.563,
              42.7735
            ],
            [
              3.564,
              42.7735
            ],
            [
              3.5645000000000002,
              42.773
            ],
            [
              3.5650000000000004,
              42.7725
            ],
            [
              3.5660000000000003,
              42.7725
            ],
            [
              3.5665000000000004,
              42.772
            ],
            [
              3.567,
              42.7715
            ],
            [
              3.568,
              42.7715
            ],
            [
              3.5685000000000002,
              42.771
            ],
            [
              3.569,
              42.7705
            ],
            [
              3.5700000000000003,
              42.7705
            ],
            [
              3.5705,
              42.77
            ],
            [
              3.571,
              42.7695
            ],
            [
              3.572,
              42.7695
            ],
            [
              3.5725000000000002,
              42.769
            ],
            [
              3.5730000000000004,
              42.7685
            ],
            [
              3.5740000000000003,
              42.7685
            ],
            [
              3.5745000000000005,
              42.768
            ],
            [
              3.575,
              42.7675
            ],
            [
              3.5755,
              42.767
            ],
            [
              3.576,
              42.7665
            ],
            [
              3.5765000000000002,
              42.766
            ],
            [
              3.577,
              42.7655
            ],
            [
              3.5775,
              42.765
            ],
            [
              3.5775,
              42.764
            ],
            [
              3.5775,
              42.763
            ],
            [
              3.577,
              42.7625
            ],
            [
              3.5765000000000002,
              42.762
            ],
            [
              3.576,
              42.7615
            ],
            [
              3.5755,
              42.761
            ],
            [
              3.575,
              42.7605
            ],
            [
              3.5745000000000005,
              42.76
            ],
            [
              3.5740000000000003,
              42.7595
            ],
            [
              3.5735,
              42.759
            ],
            [
              3.5730000000000004,
              42.7585
            ],
            [
              3.5725000000000002,
              42.758
            ],
            [
              3.572,
              42.7575
            ],
            [
              3.5715000000000003,
              42.757
            ],
            [
              3.5715000000000003,
              42.756
            ],
            [
              3.571,
              42.7555
            ],
            [
              3.5705,
              42.755
            ],
            [
              3.571,
              42.7545
            ],
            [
              3.5715000000000003,
              42.754
            ],
            [
              3.5715000000000003,
              42.753
            ],
            [
              3.572,
              42.7525
            ],
            [
              3.5730000000000004,
              42.7525
            ],
            [
              3.5735,
              42.752
            ],
            [
              3.5740000000000003,
              42.7515
            ],
            [
              3.575,
              42.7515
            ],
            [
              3.5755,
              42.751
            ],
            [
              3.576,
              42.7505
            ],
            [
              3.577,
              42.7505
            ],
            [
              3.5780000000000003,
              42.7505
            ],
            [
              3.579,
              42.7505
            ],
            [
              3.58,
              42.7505
            ],
            [
              3.5805000000000002,
              42.751
            ],
            [
              3.5810000000000004,
              42.7515
            ],
            [
              3.5815,
              42.752
            ],
            [
              3.5815,
              42.753
            ],
            [
              3.5820000000000003,
              42.7535
            ],
            [
              3.5825000000000005,
              42.754
            ],
            [
              3.5825000000000005,
              42.755
            ],
            [
              3.5825000000000005,
              42.756
            ],
            [
              3.5825000000000005,
              42.757
            ],
            [
              3.5825000000000005,
              42.758
            ],
            [
              3.5825000000000005,
              42.759
            ],
            [
              3.5825000000000005,
              42.76
            ],
            [
              3.583,
              42.7605
            ],
            [
              3.584,
              42.7605
            ],
            [
              3.585,
              42.7605
            ],
            [
              3.5855,
              42.76
            ],
            [
              3.5860000000000003,
              42.7595
            ],
            [
              3.5865,
              42.759
            ],
            [
              3.587,
              42.7585
            ],
            [
              3.5875000000000004,
              42.758
            ],
            [
              3.588,
              42.7575
            ],
            [
              3.5885000000000002,
              42.757
            ],
            [
              3.5890000000000004,
              42.7565
            ],
            [
              3.5895,
              42.756
            ],
            [
              3.5900000000000003,
              42.7555
            ],
            [
              3.5905000000000005,
              42.755
            ],
            [
              3.591,
              42.7545
            ],
            [
              3.5915,
              42.754
            ],
            [
              3.5915,
              42.753
            ],
            [
              3.592,
              42.7525
            ],
            [
              3.5925000000000002,
              42.752
            ],
            [
              3.593,
              42.7515
            ],
            [
              3.5935,
              42.751
            ],
            [
              3.5935,
              42.75
            ],
            [
              3.5940000000000003,
              42.7495
            ],
            [
              3.5945,
              42.749
            ],
            [
              3.5945,
              42.748
            ],
            [
              3.5945,
              42.747
            ],
            [
              3.5945,
              42.746
            ],
            [
              3.5945,
              42.745
            ],
            [
              3.5945,
              42.744
            ],
            [
              3.5945,
              42.743
            ],
            [
              3.5945,
              42.742
            ],
            [
              3.5940000000000003,
              42.7415
            ],
            [
              3.5935,
              42.741
            ],
            [
              3.593,
              42.7405
            ],
            [
              3.5925000000000002,
              42.74
            ],
            [
              3.592,
              42.7395
            ],
            [
              3.591,
              42.7395
            ],
            [
              3.5900000000000003,
              42.7395
            ],
            [
              3.5890000000000004,
              42.7395
            ],
            [
              3.5885000000000002,
              42.74
            ],
            [
              3.588,
              42.7405
            ],
            [
              3.587,
              42.7405
            ],
            [
              3.5860000000000003,
              42.7405
            ],
            [
              3.585,
              42.7405
            ],
            [
              3.5845000000000002,
              42.74
            ],
            [
              3.5845000000000002,
              42.739
            ],
            [
              3.5845000000000002,
              42.738
            ],
            [
              3.585,
              42.7375
            ],
            [
              3.5855,
              42.737
            ],
            [
              3.5860000000000003,
              42.7365
            ],
            [
              3.587,
              42.7365
            ],
            [
              3.588,
              42.7365
            ],
            [
              3.5890000000000004,
              42.7365
            ],
            [
              3.5900000000000003,
              42.7365
            ],
            [
              3.5905000000000005,
              42.737
            ],
            [
              3.591,
              42.7375
            ],
            [
              3.592,
              42.7375
            ],
            [
              3.593,
              42.7375
            ],
            [
              3.5935,
              42.737
            ],
            [
              3.5940000000000003,
              42.7365
            ],
            [
              3.595,
              42.7365
            ],
            [
              3.596,
              42.7365
            ],
            [
              3.5965000000000003,
              42.736
            ],
            [
              3.5970000000000004,
              42.7355
            ],
            [
              3.5975,
              42.735
            ],
            [
              3.5975,
              42.734
            ],
            [
              3.5975,
              42.733000000000004
            ],
            [
              3.5975,
              42.732
            ],
            [
              3.5975,
              42.731
            ],
            [
              3.5980000000000003,
              42.730500000000006
            ],
            [
              3.5985000000000005,
              42.730000000000004
            ],
            [
              3.5985000000000005,
              42.729
            ],
            [
              3.5985000000000005,
              42.728
            ],
            [
              3.5980000000000003,
              42.727500000000006
            ],
            [
              3.5975,
              42.727000000000004
            ],
            [
              3.5975,
              42.726
            ],
            [
              3.5970000000000004,
              42.7255
            ],
            [
              3.5965000000000003,
              42.725
            ],
            [
              3.5965000000000003,
              42.724000000000004
            ],
            [
              3.596,
              42.7235
            ],
            [
              3.5955000000000004,
              42.723
            ],
            [
              3.595,
              42.7225
            ],
            [
              3.5945,
              42.722
            ],
            [
              3.5940000000000003,
              42.721500000000006
            ],
            [
              3.5935,
              42.721000000000004
            ],
            [
              3.5935,
              42.72
            ],
            [
              3.5935,
              42.719
            ],
            [
              3.5935,
              42.718
            ],
            [
              3.5935,
              42.717
            ],
            [
              3.593,
              42.716499999999996
            ],
            [
              3.5925000000000002,
              42.716
            ],
            [
              3.5925000000000002,
              42.715
            ],
            [
              3.5925000000000002,
              42.714
            ],
            [
              3.5925000000000002,
              42.713
            ],
            [
              3.592,
              42.712500000000006
            ],
            [
              3.5915,
              42.712
            ],
            [
              3.5915,
              42.711
            ],
            [
              3.591,
              42.710499999999996
            ],
            [
              3.5905000000000005,
              42.71
            ],
            [
              3.5905000000000005,
              42.709
            ],
            [
              3.5905000000000005,
              42.708
            ],
            [
              3.5905000000000005,
              42.707
            ],
            [
              3.5905000000000005,
              42.706
            ],
            [
              3.5905000000000005,
              42.705
            ],
            [
              3.5905000000000005,
              42.704
            ],
            [
              3.5900000000000003,
              42.703500000000005
            ],
            [
              3.5895,
              42.703
            ],
            [
              3.5895,
              42.702
            ],
            [
              3.5895,
              42.701
            ],
            [
              3.5895,
              42.7
            ],
            [
              3.5895,
              42.699
            ],
            [
              3.5895,
              42.698
            ],
            [
              3.5895,
              42.697
            ],
            [
              3.5895,
              42.696
            ],
            [
              3.5895,
              42.695
            ],
            [
              3.5895,
              42.694
            ],
            [
              3.5895,
              42.693
            ],
            [
              3.5895,
              42.692
            ],
            [
              3.5900000000000003,
              42.691500000000005
            ],
            [
              3.5905000000000005,
              42.691
            ],
            [
              3.5905000000000005,
              42.69
            ],
            [
              3.5905000000000005,
              42.689
            ],
            [
              3.5905000000000005,
              42.688
            ],
            [
              3.5900000000000003,
              42.6875
            ],
            [
              3.5895,
              42.687
            ],
            [
              3.5890000000000004,
              42.686499999999995
            ],
            [
              3.5885000000000002,
              42.686
            ],
            [
              3.588,
              42.685500000000005
            ],
            [
              3.587,
              42.685500000000005
            ],
            [
              3.5865,
              42.685
            ],
            [
              3.5860000000000003,
              42.6845
            ],
            [
              3.585,
              42.6845
            ],
            [
              3.584,
              42.6845
            ],
            [
              3.5835,
              42.685
            ],
            [
              3.5835,
              42.686
            ],
            [
              3.583,
              42.686499999999995
            ],
            [
              3.5825000000000005,
              42.687
            ],
            [
              3.5825000000000005,
              42.688
            ],
            [
              3.5820000000000003,
              42.688500000000005
            ],
            [
              3.5815,
              42.689
            ],
            [
              3.5810000000000004,
              42.689499999999995
            ],
            [
              3.5805000000000002,
              42.69
            ],
            [
              3.58,
              42.6905
            ],
            [
              3.579,
              42.6905
            ],
            [
              3.5780000000000003,
              42.6905
            ],
            [
              3.577,
              42.6905
            ],
            [
              3.576,
              42.6905
            ],
            [
              3.575,
              42.6905
            ],
            [
              3.5740000000000003,
              42.6905
            ],
            [
              3.5730000000000004,
              42.6905
            ],
            [
              3.572,
              42.6905
            ],
            [
              3.571,
              42.6905
            ],
            [
              3.5705,
              42.691
            ],
            [
              3.5700000000000003,
              42.691500000000005
            ],
            [
              3.569,
              42.691500000000005
            ],
            [
              3.568,
              42.691500000000005
            ],
            [
              3.5675,
              42.692
            ],
            [
              3.567,
              42.692499999999995
            ],
            [
              3.5660000000000003,
              42.692499999999995
            ],
            [
              3.5655,
              42.693
            ],
            [
              3.5650000000000004,
              42.6935
            ],
            [
              3.564,
              42.6935
            ],
            [
              3.5635000000000003,
              42.694
            ],
            [
              3.563,
              42.694500000000005
            ],
            [
              3.5620000000000003,
              42.694500000000005
            ],
            [
              3.561,
              42.694500000000005
            ],
            [
              3.56,
              42.694500000000005
            ],
            [
              3.559,
              42.694500000000005
            ],
            [
              3.5585000000000004,
              42.694
            ],
            [
              3.5580000000000003,
              42.6935
            ],
            [
              3.5570000000000004,
              42.6935
            ],
            [
              3.556,
              42.6935
            ],
            [
              3.555,
              42.6935
            ],
            [
              3.5540000000000003,
              42.6935
            ],
            [
              3.5535,
              42.693
            ],
            [
              3.553,
              42.692499999999995
            ],
            [
              3.552,
              42.692499999999995
            ],
            [
              3.551,
              42.692499999999995
            ],
            [
              3.5500000000000003,
              42.692499999999995
            ],
            [
              3.5490000000000004,
              42.692499999999995
            ],
            [
              3.5485,
              42.692
            ],
            [
              3.548,
              42.691500000000005
            ],
            [
              3.547,
              42.691500000000005
            ],
            [
              3.5460000000000003,
              42.691500000000005
            ],
            [
              3.545,
              42.691500000000005
            ],
            [
              3.544,
              42.691500000000005
            ],
            [
              3.543,
              42.691500000000005
            ],
            [
              3.5425000000000004,
              42.691
            ],
            [
              3.5420000000000003,
              42.6905
            ],
            [
              3.5410000000000004,
              42.6905
            ],
            [
              3.54,
              42.6905
            ],
            [
              3.539,
              42.6905
            ],
            [
              3.5385,
              42.691
            ],
            [
              3.5385,
              42.692
            ],
            [
              3.539,
              42.692499999999995
            ],
            [
              3.5395000000000003,
              42.693
            ],
            [
              3.5395000000000003,
              42.694
            ],
            [
              3.54,
              42.694500000000005
            ],
            [
              3.5405,
              42.695
            ],
            [
              3.5410000000000004,
              42.695499999999996
            ],
            [
              3.5415,
              42.696
            ],
            [
              3.5420000000000003,
              42.6965
            ],
            [
              3.5425000000000004,
              42.697
            ],
            [
              3.543,
              42.697500000000005
            ],
            [
              3.5435,
              42.698
            ],
            [
              3.5435,
              42.699
            ],
            [
              3.544,
              42.6995
            ],
            [
              3.5445,
              42.7
            ],
            [
              3.5445,
              42.701
            ],
            [
              3.5445,
              42.702
            ],
            [
              3.544,
              42.7025
            ],
            [
              3.543,
              42.7025
            ],
            [
              3.5420000000000003,
              42.7025
            ],
            [
              3.5410000000000004,
              42.7025
            ],
            [
              3.54,
              42.7025
            ],
            [
              3.5395000000000003,
              42.703
            ],
            [
              3.539,
              42.703500000000005
            ],
            [
              3.5380000000000003,
              42.703500000000005
            ],
            [
              3.5370000000000004,
              42.703500000000005
            ],
            [
              3.5360000000000005,
              42.703500000000005
            ],
            [
              3.535,
              42.703500000000005
            ],
            [
              3.5340000000000003,
              42.703500000000005
            ],
            [
              3.5330000000000004,
              42.703500000000005
            ],
            [
              3.532,
              42.703500000000005
            ],
            [
              3.531,
              42.703500000000005
            ],
            [
              3.5300000000000002,
              42.703500000000005
            ],
            [
              3.5290000000000004,
              42.703500000000005
            ],
            [
              3.5280000000000005,
              42.703500000000005
            ],
            [
              3.527,
              42.703500000000005
            ],
            [
              3.5265000000000004,
              42.703
            ],
            [
              3.5260000000000002,
              42.7025
            ],
            [
              3.5250000000000004,
              42.7025
            ],
            [
              3.524,
              42.7025
            ],
            [
              3.523,
              42.7025
            ],
            [
              3.5220000000000002,
              42.7025
            ],
            [
              3.5210000000000004,
              42.7025
            ],
            [
              3.5200000000000005,
              42.7025
            ],
            [
              3.519,
              42.7025
            ],
            [
              3.5180000000000002,
              42.7025
            ],
            [
              3.5170000000000003,
              42.7025
            ],
            [
              3.516,
              42.7025
            ],
            [
              3.5155000000000003,
              42.702
            ],
            [
              3.515,
              42.701499999999996
            ],
            [
              3.5140000000000002,
              42.701499999999996
            ],
            [
              3.5130000000000003,
              42.701499999999996
            ],
            [
              3.5120000000000005,
              42.701499999999996
            ],
            [
              3.511,
              42.701499999999996
            ],
            [
              3.5100000000000002,
              42.701499999999996
            ],
            [
              3.5090000000000003,
              42.701499999999996
            ],
            [
              3.508,
              42.701499999999996
            ],
            [
              3.5075000000000003,
              42.702
            ],
            [
              3.507,
              42.7025
            ],
            [
              3.5060000000000002,
              42.7025
            ],
            [
              3.5050000000000003,
              42.7025
            ],
            [
              3.5045,
              42.703
            ],
            [
              3.5040000000000004,
              42.703500000000005
            ],
            [
              3.503,
              42.703500000000005
            ],
            [
              3.5025000000000004,
              42.704
            ],
            [
              3.5020000000000002,
              42.704499999999996
            ],
            [
              3.5010000000000003,
              42.704499999999996
            ],
            [
              3.5,
              42.704499999999996
            ],
            [
              3.4995000000000003,
              42.705
            ],
            [
              3.499,
              42.7055
            ],
            [
              3.498,
              42.7055
            ],
            [
              3.4970000000000003,
              42.7055
            ],
            [
              3.4960000000000004,
              42.7055
            ],
            [
              3.495,
              42.7055
            ],
            [
              3.494,
              42.7055
            ],
            [
              3.4935,
              42.705
            ],
            [
              3.4930000000000003,
              42.704499999999996
            ],
            [
              3.492,
              42.704499999999996
            ],
            [
              3.491,
              42.704499999999996
            ],
            [
              3.4905,
              42.704
            ],
            [
              3.49,
              42.703500000000005
            ],
            [
              3.4890000000000003,
              42.703500000000005
            ],
            [
              3.4885,
              42.703
            ],
            [
              3.4880000000000004,
              42.7025
            ],
            [
              3.4875000000000003,
              42.702
            ],
            [
              3.487,
              42.701499999999996
            ],
            [
              3.486,
              42.701499999999996
            ],
            [
              3.4855,
              42.701
            ],
            [
              3.4850000000000003,
              42.700500000000005
            ],
            [
              3.484,
              42.700500000000005
            ],
            [
              3.483,
              42.700500000000005
            ],
            [
              3.4825,
              42.7
            ],
            [
              3.482,
              42.6995
            ],
            [
              3.4810000000000003,
              42.6995
            ],
            [
              3.4805,
              42.699
            ],
            [
              3.4800000000000004,
              42.698499999999996
            ],
            [
              3.479,
              42.698499999999996
            ],
            [
              3.4785000000000004,
              42.698
            ],
            [
              3.478,
              42.697500000000005
            ],
            [
              3.4770000000000003,
              42.697500000000005
            ],
            [
              3.4765,
              42.697
            ],
            [
              3.476,
              42.6965
            ],
            [
              3.4755000000000003,
              42.696
            ],
            [
              3.475,
              42.695499999999996
            ],
            [
              3.4745,
              42.695
            ],
            [
              3.474,
              42.694500000000005
            ],
            [
              3.4730000000000003,
              42.694500000000005
            ],
            [
              3.4725,
              42.694
            ],
            [
              3.4720000000000004,
              42.6935
            ],
            [
              3.4715000000000003,
              42.693
            ],
            [
              3.471,
              42.692499999999995
            ],
            [
              3.4705000000000004,
              42.692
            ],
            [
              3.4705000000000004,
              42.691
            ],
            [
              3.47,
              42.6905
            ],
            [
              3.4695,
              42.69
            ],
            [
              3.4695,
              42.689
            ],
            [
              3.4690000000000003,
              42.688500000000005
            ],
            [
              3.4685,
              42.688
            ],
            [
              3.4685,
              42.687
            ],
            [
              3.4685,
              42.686
            ],
            [
              3.468,
              42.685500000000005
            ],
            [
              3.4675000000000002,
              42.685
            ],
            [
              3.467,
              42.6845
            ],
            [
              3.4665,
              42.684
            ],
            [
              3.466,
              42.683499999999995
            ],
            [
              3.4655000000000005,
              42.683
            ],
            [
              3.4650000000000003,
              42.682500000000005
            ],
            [
              3.4645,
              42.682
            ],
            [
              3.4640000000000004,
              42.6815
            ],
            [
              3.4635000000000002,
              42.681
            ],
            [
              3.463,
              42.680499999999995
            ],
            [
              3.4625000000000004,
              42.68
            ],
            [
              3.462,
              42.679500000000004
            ],
            [
              3.4615,
              42.679
            ],
            [
              3.4615,
              42.678
            ],
            [
              3.4610000000000003,
              42.677499999999995
            ],
            [
              3.4605,
              42.677
            ],
            [
              3.46,
              42.676500000000004
            ],
            [
              3.4595000000000002,
              42.676
            ],
            [
              3.459,
              42.6755
            ],
            [
              3.4585,
              42.675
            ],
            [
              3.458,
              42.674499999999995
            ],
            [
              3.4575000000000005,
              42.674
            ],
            [
              3.4575000000000005,
              42.673
            ],
            [
              3.4570000000000003,
              42.6725
            ],
            [
              3.4565,
              42.672
            ],
            [
              3.4565,
              42.671
            ],
            [
              3.4560000000000004,
              42.670500000000004
            ],
            [
              3.4555000000000002,
              42.67
            ],
            [
              3.4555000000000002,
              42.669
            ],
            [
              3.455,
              42.668499999999995
            ],
            [
              3.4545000000000003,
              42.668
            ],
            [
              3.4545000000000003,
              42.667
            ],
            [
              3.454,
              42.6665
            ],
            [
              3.4535,
              42.666000000000004
            ],
            [
              3.4530000000000003,
              42.6655
            ],
            [
              3.4525,
              42.665
            ],
            [
              3.4525,
              42.664
            ],
            [
              3.452,
              42.6635
            ],
            [
              3.4515000000000002,
              42.663000000000004
            ],
            [
              3.451,
              42.6625
            ],
            [
              3.4505,
              42.662
            ],
            [
              3.45,
              42.661500000000004
            ],
            [
              3.4495000000000005,
              42.661
            ],
            [
              3.4490000000000003,
              42.6605
            ],
            [
              3.4480000000000004,
              42.6605
            ],
            [
              3.4475000000000002,
              42.660000000000004
            ],
            [
              3.447,
              42.6595
            ],
            [
              3.4465000000000003,
              42.659
            ],
            [
              3.446,
              42.658500000000004
            ],
            [
              3.4455,
              42.658
            ],
            [
              3.4450000000000003,
              42.6575
            ],
            [
              3.4445,
              42.657000000000004
            ],
            [
              3.444,
              42.6565
            ],
            [
              3.4435000000000002,
              42.656
            ],
            [
              3.443,
              42.6555
            ],
            [
              3.4425,
              42.655
            ],
            [
              3.442,
              42.6545
            ],
            [
              3.4415000000000004,
              42.654
            ],
            [
              3.4410000000000003,
              42.6535
            ],
            [
              3.4405,
              42.653
            ],
            [
              3.4400000000000004,
              42.6525
            ],
            [
              3.4395000000000002,
              42.652
            ],
            [
              3.439,
              42.6515
            ],
            [
              3.4385000000000003,
              42.651
            ],
            [
              3.438,
              42.6505
            ],
            [
              3.4375,
              42.65
            ],
            [
              3.4375,
              42.649
            ],
            [
              3.4375,
              42.648
            ],
            [
              3.4370000000000003,
              42.6475
            ],
            [
              3.4365,
              42.647
            ],
            [
              3.4365,
              42.646
            ],
            [
              3.436,
              42.6455
            ],
            [
              3.4355,
              42.645
            ],
            [
              3.435,
              42.6445
            ],
            [
              3.4345,
              42.644
            ],
            [
              3.434,
              42.6435
            ],
            [
              3.4335000000000004,
              42.643
            ],
            [
              3.4330000000000003,
              42.6425
            ],
            [
              3.4325,
              42.642
            ],
            [
              3.4320000000000004,
              42.6415
            ],
            [
              3.4315,
              42.641
            ],
            [
              3.431,
              42.6405
            ],
            [
              3.4305000000000003,
              42.64
            ],
            [
              3.4305000000000003,
              42.639
            ],
            [
              3.43,
              42.6385
            ],
            [
              3.4295,
              42.638
            ],
            [
              3.4290000000000003,
              42.6375
            ],
            [
              3.4285,
              42.637
            ],
            [
              3.428,
              42.6365
            ],
            [
              3.4275,
              42.636
            ],
            [
              3.427,
              42.6355
            ],
            [
              3.4265,
              42.635
            ],
            [
              3.4265,
              42.634
            ],
            [
              3.426,
              42.6335
            ],
            [
              3.4255000000000004,
              42.633
            ],
            [
              3.4255000000000004,
              42.632
            ],
            [
              3.4255000000000004,
              42.631
            ],
            [
              3.4250000000000003,
              42.6305
            ],
            [
              3.4240000000000004,
              42.6305
            ],
            [
              3.4235,
              42.63
            ],
            [
              3.423,
              42.6295
            ],
            [
              3.422,
              42.6295
            ],
            [
              3.4215,
              42.629
            ],
            [
              3.4210000000000003,
              42.6285
            ],
            [
              3.42,
              42.6285
            ],
            [
              3.4195,
              42.628
            ],
            [
              3.4195,
              42.627
            ],
            [
              3.419,
              42.6265
            ],
            [
              3.4185,
              42.626
            ],
            [
              3.418,
              42.6255
            ],
            [
              3.4175000000000004,
              42.625
            ],
            [
              3.4170000000000003,
              42.6245
            ],
            [
              3.4165,
              42.624
            ],
            [
              3.4160000000000004,
              42.6235
            ],
            [
              3.4155,
              42.623
            ],
            [
              3.415,
              42.6225
            ],
            [
              3.4145000000000003,
              42.622
            ],
            [
              3.414,
              42.6215
            ],
            [
              3.4135,
              42.621
            ],
            [
              3.4135,
              42.62
            ],
            [
              3.4130000000000003,
              42.6195
            ],
            [
              3.4125,
              42.619
            ],
            [
              3.4125,
              42.618
            ],
            [
              3.412,
              42.6175
            ],
            [
              3.4110000000000005,
              42.6175
            ],
            [
              3.4105000000000003,
              42.617
            ],
            [
              3.41,
              42.6165
            ],
            [
              3.4090000000000003,
              42.6165
            ],
            [
              3.4080000000000004,
              42.6165
            ],
            [
              3.407,
              42.6165
            ],
            [
              3.406,
              42.6165
            ],
            [
              3.4050000000000002,
              42.6165
            ],
            [
              3.4040000000000004,
              42.6165
            ],
            [
              3.4030000000000005,
              42.6165
            ],
            [
              3.402,
              42.6165
            ],
            [
              3.4010000000000002,
              42.6165
            ],
            [
              3.4000000000000004,
              42.6165
            ],
            [
              3.399,
              42.6165
            ],
            [
              3.3985000000000003,
              42.616
            ],
            [
              3.398,
              42.6155
            ],
            [
              3.3970000000000002,
              42.6155
            ],
            [
              3.3960000000000004,
              42.6155
            ],
            [
              3.395,
              42.6155
            ],
            [
              3.3945,
              42.615
            ],
            [
              3.394,
              42.6145
            ],
            [
              3.3930000000000002,
              42.6145
            ],
            [
              3.3925,
              42.614
            ],
            [
              3.3920000000000003,
              42.6135
            ],
            [
              3.3915,
              42.613
            ],
            [
              3.391,
              42.6125
            ],
            [
              3.3905000000000003,
              42.612
            ],
            [
              3.39,
              42.6115
            ],
            [
              3.3895,
              42.611
            ],
            [
              3.3895,
              42.61
            ],
            [
              3.3890000000000002,
              42.6095
            ],
            [
              3.3885000000000005,
              42.609
            ],
            [
              3.3880000000000003,
              42.6085
            ],
            [
              3.3875,
              42.608
            ],
            [
              3.3875,
              42.607
            ],
            [
              3.387,
              42.6065
            ],
            [
              3.386,
              42.6065
            ],
            [
              3.3855000000000004,
              42.606
            ],
            [
              3.3850000000000002,
              42.605500000000006
            ],
            [
              3.3840000000000003,
              42.605500000000006
            ],
            [
              3.383,
              42.605500000000006
            ],
            [
              3.3825000000000003,
              42.605000000000004
            ],
            [
              3.382,
              42.6045
            ],
            [
              3.3810000000000002,
              42.6045
            ],
            [
              3.3805000000000005,
              42.604
            ],
            [
              3.3800000000000003,
              42.6035
            ],
            [
              3.3790000000000004,
              42.6035
            ],
            [
              3.3785000000000003,
              42.603
            ],
            [
              3.378,
              42.602500000000006
            ],
            [
              3.3770000000000002,
              42.602500000000006
            ],
            [
              3.3765,
              42.602000000000004
            ],
            [
              3.3760000000000003,
              42.6015
            ],
            [
              3.3755,
              42.601
            ],
            [
              3.375,
              42.6005
            ],
            [
              3.3745000000000003,
              42.6
            ],
            [
              3.374,
              42.599500000000006
            ],
            [
              3.3735,
              42.599000000000004
            ],
            [
              3.373,
              42.5985
            ],
            [
              3.3725000000000005,
              42.598
            ],
            [
              3.3725000000000005,
              42.597
            ],
            [
              3.3720000000000003,
              42.596500000000006
            ],
            [
              3.3715,
              42.596000000000004
            ],
            [
              3.3710000000000004,
              42.5955
            ],
            [
              3.3705000000000003,
              42.595
            ],
            [
              3.3705000000000003,
              42.594
            ],
            [
              3.37,
              42.593500000000006
            ],
            [
              3.3695000000000004,
              42.593
            ],
            [
              3.3695000000000004,
              42.592
            ],
            [
              3.369,
              42.591499999999996
            ],
            [
              3.3685,
              42.591
            ],
            [
              3.3685,
              42.59
            ],
            [
              3.3680000000000003,
              42.5895
            ],
            [
              3.3675,
              42.589
            ],
            [
              3.3675,
              42.588
            ],
            [
              3.367,
              42.587500000000006
            ],
            [
              3.3665000000000003,
              42.587
            ],
            [
              3.3665000000000003,
              42.586
            ],
            [
              3.366,
              42.585499999999996
            ],
            [
              3.3655,
              42.585
            ],
            [
              3.3655,
              42.584
            ],
            [
              3.3655,
              42.583
            ],
            [
              3.365,
              42.582499999999996
            ],
            [
              3.3645000000000005,
              42.582
            ],
            [
              3.3645000000000005,
              42.581
            ],
            [
              3.3645000000000005,
              42.58
            ],
            [
              3.3645000000000005,
              42.579
            ],
            [
              3.3645000000000005,
              42.578
            ],
            [
              3.3645000000000005,
              42.577
            ],
            [
              3.3645000000000005,
              42.576
            ],
            [
              3.3640000000000003,
              42.575500000000005
            ],
            [
              3.3635,
              42.575
            ],
            [
              3.3635,
              42.574
            ],
            [
              3.3630000000000004,
              42.573499999999996
            ],
            [
              3.3625000000000003,
              42.573
            ],
            [
              3.3625000000000003,
              42.572
            ],
            [
              3.362,
              42.5715
            ],
            [
              3.3615000000000004,
              42.571
            ],
            [
              3.3615000000000004,
              42.57
            ],
            [
              3.3615000000000004,
              42.569
            ],
            [
              3.361,
              42.5685
            ],
            [
              3.3605,
              42.568
            ],
            [
              3.3605,
              42.567
            ],
            [
              3.3605,
              42.566
            ],
            [
              3.3605,
              42.565
            ],
            [
              3.3605,
              42.564
            ],
            [
              3.3600000000000003,
              42.563500000000005
            ],
            [
              3.3595,
              42.563
            ],
            [
              3.3595,
              42.562
            ],
            [
              3.3595,
              42.561
            ],
            [
              3.3595,
              42.56
            ],
            [
              3.359,
              42.5595
            ],
            [
              3.3585000000000003,
              42.559
            ],
            [
              3.3585000000000003,
              42.558
            ],
            [
              3.358,
              42.557500000000005
            ],
            [
              3.3575,
              42.557
            ],
            [
              3.3575,
              42.556
            ],
            [
              3.357,
              42.555499999999995
            ],
            [
              3.3565000000000005,
              42.555
            ],
            [
              3.3565000000000005,
              42.554
            ],
            [
              3.3560000000000003,
              42.5535
            ],
            [
              3.3555,
              42.553
            ],
            [
              3.3555,
              42.552
            ],
            [
              3.3550000000000004,
              42.551500000000004
            ],
            [
              3.3545000000000003,
              42.551
            ],
            [
              3.3545000000000003,
              42.55
            ],
            [
              3.354,
              42.549499999999995
            ],
            [
              3.3535000000000004,
              42.549
            ],
            [
              3.3535000000000004,
              42.548
            ],
            [
              3.353,
              42.5475
            ],
            [
              3.3525,
              42.547
            ],
            [
              3.3520000000000003,
              42.546499999999995
            ],
            [
              3.3515,
              42.546
            ],
            [
              3.351,
              42.545500000000004
            ],
            [
              3.3505000000000003,
              42.545
            ],
            [
              3.35,
              42.5445
            ],
            [
              3.349,
              42.5445
            ],
            [
              3.3485000000000005,
              42.544
            ],
            [
              3.3480000000000003,
              42.543499999999995
            ],
            [
              3.3475,
              42.543
            ],
            [
              3.3470000000000004,
              42.542500000000004
            ],
            [
              3.346,
              42.542500000000004
            ],
            [
              3.3455000000000004,
              42.542
            ],
            [
              3.345,
              42.5415
            ],
            [
              3.3440000000000003,
              42.5415
            ],
            [
              3.3435,
              42.541000000000004
            ],
            [
              3.343,
              42.5405
            ],
            [
              3.3425000000000002,
              42.54
            ],
            [
              3.342,
              42.539500000000004
            ],
            [
              3.3415,
              42.539
            ],
            [
              3.341,
              42.5385
            ],
            [
              3.3405000000000005,
              42.538000000000004
            ],
            [
              3.3405000000000005,
              42.537
            ],
            [
              3.3400000000000003,
              42.536500000000004
            ],
            [
              3.3395,
              42.536
            ],
            [
              3.3395,
              42.535000000000004
            ],
            [
              3.3390000000000004,
              42.5345
            ],
            [
              3.3385000000000002,
              42.534
            ],
            [
              3.3385000000000002,
              42.533
            ],
            [
              3.338,
              42.5325
            ],
            [
              3.3375000000000004,
              42.532000000000004
            ],
            [
              3.3375000000000004,
              42.531
            ],
            [
              3.337,
              42.5305
            ],
            [
              3.3360000000000003,
              42.5305
            ],
            [
              3.3355,
              42.53
            ],
            [
              3.335,
              42.5295
            ],
            [
              3.334,
              42.5295
            ],
            [
              3.3335,
              42.529
            ],
            [
              3.333,
              42.5285
            ],
            [
              3.3325000000000005,
              42.528
            ],
            [
              3.3320000000000003,
              42.5275
            ],
            [
              3.3315,
              42.527
            ],
            [
              3.3310000000000004,
              42.5265
            ],
            [
              3.3305000000000002,
              42.526
            ],
            [
              3.3305000000000002,
              42.525
            ],
            [
              3.33,
              42.5245
            ],
            [
              3.3295000000000003,
              42.524
            ],
            [
              3.3295000000000003,
              42.523
            ],
            [
              3.329,
              42.5225
            ],
            [
              3.3285,
              42.522
            ],
            [
              3.3280000000000003,
              42.5215
            ],
            [
              3.3275,
              42.521
            ],
            [
              3.327,
              42.5205
            ],
            [
              3.3265000000000002,
              42.52
            ],
            [
              3.3265000000000002,
              42.519
            ],
            [
              3.326,
              42.5185
            ],
            [
              3.3255,
              42.518
            ],
            [
              3.325,
              42.5175
            ],
            [
              3.3240000000000003,
              42.5175
            ],
            [
              3.3235,
              42.517
            ],
            [
              3.3230000000000004,
              42.5165
            ],
            [
              3.322,
              42.5165
            ],
            [
              3.321,
              42.5165
            ],
            [
              3.3200000000000003,
              42.5165
            ],
            [
              3.3195,
              42.516
            ],
            [
              3.319,
              42.5155
            ],
            [
              3.318,
              42.5155
            ],
            [
              3.317,
              42.5155
            ],
            [
              3.3165000000000004,
              42.515
            ],
            [
              3.3160000000000003,
              42.5145
            ],
            [
              3.3150000000000004,
              42.5145
            ],
            [
              3.3145000000000002,
              42.514
            ],
            [
              3.314,
              42.5135
            ],
            [
              3.3135000000000003,
              42.513
            ],
            [
              3.313,
              42.5125
            ],
            [
              3.3125,
              42.512
            ],
            [
              3.3120000000000003,
              42.5115
            ],
            [
              3.3115000000000006,
              42.511
            ],
            [
              3.3115000000000006,
              42.51
            ],
            [
              3.3110000000000004,
              42.5095
            ],
            [
              3.3105,
              42.509
            ],
            [
              3.3105,
              42.508
            ],
            [
              3.31,
              42.5075
            ],
            [
              3.3095,
              42.507
            ],
            [
              3.3095,
              42.506
            ],
            [
              3.309,
              42.5055
            ],
            [
              3.3085000000000004,
              42.505
            ],
            [
              3.3085000000000004,
              42.504
            ],
            [
              3.3085000000000004,
              42.503
            ],
            [
              3.3080000000000003,
              42.5025
            ],
            [
              3.3075,
              42.502
            ],
            [
              3.3075,
              42.501
            ],
            [
              3.3070000000000004,
              42.5005
            ],
            [
              3.3065,
              42.5
            ],
            [
              3.306,
              42.4995
            ],
            [
              3.3055000000000003,
              42.499
            ],
            [
              3.3055000000000003,
              42.498
            ],
            [
              3.305,
              42.4975
            ],
            [
              3.3045,
              42.497
            ],
            [
              3.3040000000000003,
              42.4965
            ],
            [
              3.3035000000000005,
              42.496
            ],
            [
              3.3035000000000005,
              42.495
            ],
            [
              3.3030000000000004,
              42.4945
            ],
            [
              3.3025,
              42.494
            ],
            [
              3.302,
              42.4935
            ],
            [
              3.3015,
              42.493
            ],
            [
              3.301,
              42.4925
            ],
            [
              3.3005000000000004,
              42.492
            ],
            [
              3.3000000000000003,
              42.4915
            ],
            [
              3.2995,
              42.491
            ],
            [
              3.2995,
              42.49
            ],
            [
              3.2990000000000004,
              42.4895
            ],
            [
              3.2985,
              42.489
            ],
            [
              3.298,
              42.4885
            ],
            [
              3.2975000000000003,
              42.488
            ],
            [
              3.2975000000000003,
              42.487
            ],
            [
              3.297,
              42.4865
            ],
            [
              3.2965,
              42.486
            ],
            [
              3.2960000000000003,
              42.4855
            ],
            [
              3.2955000000000005,
              42.485
            ],
            [
              3.2950000000000004,
              42.4845
            ],
            [
              3.2945,
              42.484
            ],
            [
              3.294,
              42.4835
            ],
            [
              3.2935,
              42.483
            ],
            [
              3.293,
              42.4825
            ],
            [
              3.2925000000000004,
              42.482
            ],
            [
              3.2920000000000003,
              42.4815
            ],
            [
              3.2915,
              42.481
            ],
            [
              3.2910000000000004,
              42.480500000000006
            ],
            [
              3.2905,
              42.480000000000004
            ],
            [
              3.29,
              42.4795
            ],
            [
              3.2895000000000003,
              42.479
            ],
            [
              3.289,
              42.4785
            ],
            [
              3.2885,
              42.478
            ],
            [
              3.2885,
              42.477000000000004
            ],
            [
              3.2880000000000003,
              42.4765
            ],
            [
              3.2875000000000005,
              42.476
            ],
            [
              3.2870000000000004,
              42.4755
            ],
            [
              3.2865,
              42.475
            ],
            [
              3.286,
              42.474500000000006
            ],
            [
              3.2855,
              42.474000000000004
            ],
            [
              3.285,
              42.4735
            ],
            [
              3.2845000000000004,
              42.473
            ],
            [
              3.2845000000000004,
              42.472
            ],
            [
              3.2840000000000003,
              42.471500000000006
            ],
            [
              3.2835,
              42.471000000000004
            ],
            [
              3.2835,
              42.47
            ],
            [
              3.2830000000000004,
              42.4695
            ],
            [
              3.2825,
              42.469
            ],
            [
              3.282,
              42.468500000000006
            ],
            [
              3.2815000000000003,
              42.468
            ],
            [
              3.281,
              42.4675
            ],
            [
              3.2805,
              42.467
            ],
            [
              3.2805,
              42.466
            ],
            [
              3.2800000000000002,
              42.465500000000006
            ],
            [
              3.2795000000000005,
              42.465
            ],
            [
              3.2790000000000004,
              42.4645
            ],
            [
              3.2785,
              42.464
            ],
            [
              3.278,
              42.463499999999996
            ],
            [
              3.2775,
              42.463
            ],
            [
              3.2775,
              42.462
            ],
            [
              3.277,
              42.4615
            ],
            [
              3.2765000000000004,
              42.461
            ],
            [
              3.2760000000000002,
              42.460499999999996
            ],
            [
              3.2755,
              42.46
            ],
            [
              3.2755,
              42.459
            ],
            [
              3.2750000000000004,
              42.4585
            ],
            [
              3.2745,
              42.458
            ],
            [
              3.2745,
              42.457
            ],
            [
              3.274,
              42.456500000000005
            ],
            [
              3.2735000000000003,
              42.456
            ],
            [
              3.273,
              42.4555
            ],
            [
              3.2725,
              42.455
            ],
            [
              3.2725,
              42.454
            ],
            [
              3.2720000000000002,
              42.453500000000005
            ],
            [
              3.2715000000000005,
              42.453
            ],
            [
              3.2710000000000004,
              42.4525
            ],
            [
              3.2705,
              42.452
            ],
            [
              3.27,
              42.451499999999996
            ],
            [
              3.2695,
              42.451
            ],
            [
              3.2695,
              42.45
            ],
            [
              3.269,
              42.4495
            ],
            [
              3.2685000000000004,
              42.449
            ],
            [
              3.2680000000000002,
              42.448499999999996
            ],
            [
              3.2675,
              42.448
            ],
            [
              3.2670000000000003,
              42.447500000000005
            ],
            [
              3.2665,
              42.447
            ],
            [
              3.266,
              42.4465
            ],
            [
              3.2655000000000003,
              42.446
            ],
            [
              3.265,
              42.445499999999996
            ],
            [
              3.2645,
              42.445
            ],
            [
              3.2645,
              42.444
            ],
            [
              3.2640000000000002,
              42.4435
            ],
            [
              3.2635000000000005,
              42.443
            ],
            [
              3.2635000000000005,
              42.442
            ],
            [
              3.2630000000000003,
              42.441500000000005
            ],
            [
              3.2625,
              42.441
            ],
            [
              3.2625,
              42.44
            ],
            [
              3.262,
              42.439499999999995
            ],
            [
              3.2615,
              42.439
            ],
            [
              3.2615,
              42.438
            ],
            [
              3.2615,
              42.437
            ],
            [
              3.261,
              42.436499999999995
            ],
            [
              3.2605000000000004,
              42.436
            ],
            [
              3.2605000000000004,
              42.435
            ],
            [
              3.261,
              42.4345
            ],
            [
              3.2615,
              42.434
            ],
            [
              3.2615,
              42.433
            ],
            [
              3.2615,
              42.432
            ],
            [
              3.261,
              42.4315
            ],
            [
              3.2605000000000004,
              42.431
            ],
            [
              3.2605000000000004,
              42.43
            ],
            [
              3.2600000000000002,
              42.429500000000004
            ],
            [
              3.2595,
              42.429
            ],
            [
              3.2595,
              42.428
            ],
            [
              3.2595,
              42.427
            ],
            [
              3.2595,
              42.426
            ],
            [
              3.2595,
              42.425
            ],
            [
              3.2595,
              42.424
            ],
            [
              3.2595,
              42.423
            ],
            [
              3.2595,
              42.422
            ],
            [
              3.2595,
              42.421
            ],
            [
              3.2595,
              42.42
            ],
            [
              3.2595,
              42.419
            ],
            [
              3.2590000000000003,
              42.418499999999995
            ],
            [
              3.2585,
              42.418
            ],
            [
              3.2585,
              42.417
            ],
            [
              3.2585,
              42.416000000000004
            ],
            [
              3.2585,
              42.415
            ],
            [
              3.2585,
              42.414
            ],
            [
              3.2585,
              42.413000000000004
            ],
            [
              3.2585,
              42.412
            ],
            [
              3.2585,
              42.411
            ],
            [
              3.2585,
              42.410000000000004
            ],
            [
              3.2585,
              42.409
            ],
            [
              3.2585,
              42.408
            ],
            [
              3.2585,
              42.407000000000004
            ],
            [
              3.2590000000000003,
              42.4065
            ],
            [
              3.2595,
              42.406
            ],
            [
              3.2595,
              42.405
            ],
            [
              3.2595,
              42.404
            ],
            [
              3.2600000000000002,
              42.4035
            ],
            [
              3.2605000000000004,
              42.403
            ],
            [
              3.2605000000000004,
              42.402
            ],
            [
              3.2605000000000004,
              42.401
            ],
            [
              3.261,
              42.4005
            ],
            [
              3.2615,
              42.4
            ],
            [
              3.2615,
              42.399
            ],
            [
              3.2615,
              42.398
            ],
            [
              3.2615,
              42.397
            ],
            [
              3.2615,
              42.396
            ],
            [
              3.262,
              42.3955
            ],
            [
              3.2625,
              42.395
            ],
            [
              3.2625,
              42.394
            ],
            [
              3.2625,
              42.393
            ],
            [
              3.2630000000000003,
              42.3925
            ],
            [
              3.2635000000000005,
              42.392
            ],
            [
              3.2635000000000005,
              42.391
            ],
            [
              3.2635000000000005,
              42.39
            ],
            [
              3.2640000000000002,
              42.3895
            ],
            [
              3.2645,
              42.389
            ],
            [
              3.2645,
              42.388
            ],
            [
              3.2645,
              42.387
            ],
            [
              3.2645,
              42.386
            ],
            [
              3.2645,
              42.385
            ],
            [
              3.2645,
              42.384
            ],
            [
              3.2645,
              42.383
            ],
            [
              3.265,
              42.3825
            ],
            [
              3.2655000000000003,
              42.382
            ],
            [
              3.2655000000000003,
              42.381
            ],
            [
              3.2655000000000003,
              42.38
            ],
            [
              3.2655000000000003,
              42.379
            ],
            [
              3.266,
              42.3785
            ],
            [
              3.2665,
              42.378
            ],
            [
              3.2665,
              42.377
            ],
            [
              3.2665,
              42.376
            ],
            [
              3.2670000000000003,
              42.3755
            ],
            [
              3.2675,
              42.375
            ],
            [
              3.2675,
              42.374
            ],
            [
              3.2670000000000003,
              42.3735
            ],
            [
              3.2665,
              42.373
            ],
            [
              3.2665,
              42.372
            ],
            [
              3.2665,
              42.371
            ],
            [
              3.2665,
              42.37
            ],
            [
              3.2665,
              42.369
            ],
            [
              3.2665,
              42.368
            ],
            [
              3.2665,
              42.367
            ],
            [
              3.2670000000000003,
              42.3665
            ],
            [
              3.2675,
              42.366
            ],
            [
              3.2675,
              42.365
            ],
            [
              3.2680000000000002,
              42.3645
            ],
            [
              3.2685000000000004,
              42.364
            ],
            [
              3.269,
              42.3635
            ],
            [
              3.27,
              42.3635
            ],
            [
              3.2705,
              42.363
            ],
            [
              3.2710000000000004,
              42.3625
            ],
            [
              3.2715000000000005,
              42.362
            ],
            [
              3.2720000000000002,
              42.3615
            ],
            [
              3.273,
              42.3615
            ],
            [
              3.2735000000000003,
              42.361
            ],
            [
              3.274,
              42.3605
            ],
            [
              3.2745,
              42.36
            ],
            [
              3.2750000000000004,
              42.3595
            ],
            [
              3.2755,
              42.359
            ],
            [
              3.2760000000000002,
              42.3585
            ],
            [
              3.2765000000000004,
              42.358
            ],
            [
              3.277,
              42.3575
            ],
            [
              3.2775,
              42.357
            ],
            [
              3.278,
              42.3565
            ],
            [
              3.2785,
              42.356
            ],
            [
              3.2790000000000004,
              42.355500000000006
            ],
            [
              3.2800000000000002,
              42.355500000000006
            ],
            [
              3.281,
              42.355500000000006
            ],
            [
              3.2815000000000003,
              42.355000000000004
            ],
            [
              3.282,
              42.3545
            ],
            [
              3.2830000000000004,
              42.3545
            ],
            [
              3.2835,
              42.354
            ],
            [
              3.2840000000000003,
              42.3535
            ],
            [
              3.285,
              42.3535
            ],
            [
              3.286,
              42.3535
            ],
            [
              3.2865,
              42.353
            ],
            [
              3.2870000000000004,
              42.352500000000006
            ],
            [
              3.2880000000000003,
              42.352500000000006
            ],
            [
              3.289,
              42.352500000000006
            ],
            [
              3.2895000000000003,
              42.352000000000004
            ],
            [
              3.29,
              42.3515
            ],
            [
              3.2910000000000004,
              42.3515
            ],
            [
              3.2915,
              42.351
            ],
            [
              3.2920000000000003,
              42.3505
            ],
            [
              3.293,
              42.3505
            ],
            [
              3.2935,
              42.35
            ],
            [
              3.294,
              42.349500000000006
            ],
            [
              3.2950000000000004,
              42.349500000000006
            ],
            [
              3.2960000000000003,
              42.349500000000006
            ],
            [
              3.2965,
              42.349000000000004
            ],
            [
              3.297,
              42.3485
            ],
            [
              3.298,
              42.3485
            ],
            [
              3.2990000000000004,
              42.3485
            ],
            [
              3.2995,
              42.348
            ],
            [
              3.3000000000000003,
              42.3475
            ],
            [
              3.301,
              42.3475
            ],
            [
              3.3015,
              42.347
            ],
            [
              3.302,
              42.346500000000006
            ],
            [
              3.3030000000000004,
              42.346500000000006
            ],
            [
              3.3035000000000005,
              42.346000000000004
            ],
            [
              3.3040000000000003,
              42.3455
            ],
            [
              3.305,
              42.3455
            ],
            [
              3.306,
              42.3455
            ],
            [
              3.3065,
              42.345
            ],
            [
              3.3070000000000004,
              42.3445
            ],
            [
              3.3080000000000003,
              42.3445
            ],
            [
              3.3085000000000004,
              42.344
            ],
            [
              3.309,
              42.343500000000006
            ],
            [
              3.31,
              42.343500000000006
            ],
            [
              3.3110000000000004,
              42.343500000000006
            ],
            [
              3.3115000000000006,
              42.343
            ],
            [
              3.3120000000000003,
              42.3425
            ],
            [
              3.313,
              42.3425
            ],
            [
              3.3135000000000003,
              42.342
            ],
            [
              3.314,
              42.341499999999996
            ],
            [
              3.3150000000000004,
              42.341499999999996
            ],
            [
              3.3155,
              42.341
            ],
            [
              3.3160000000000003,
              42.340500000000006
            ],
            [
              3.317,
              42.340500000000006
            ],
            [
              3.3175,
              42.34
            ],
            [
              3.318,
              42.3395
            ],
            [
              3.319,
              42.3395
            ],
            [
              3.3195,
              42.339
            ],
            [
              3.3200000000000003,
              42.338499999999996
            ],
            [
              3.321,
              42.338499999999996
            ],
            [
              3.322,
              42.338499999999996
            ],
            [
              3.3225000000000002,
              42.338
            ],
            [
              3.3230000000000004,
              42.337500000000006
            ],
            [
              3.3240000000000003,
              42.337500000000006
            ],
            [
              3.325,
              42.337500000000006
            ],
            [
              3.3255,
              42.337
            ],
            [
              3.326,
              42.3365
            ],
            [
              3.327,
              42.3365
            ],
            [
              3.3275,
              42.336
            ],
            [
              3.3280000000000003,
              42.335499999999996
            ],
            [
              3.329,
              42.335499999999996
            ],
            [
              3.3295000000000003,
              42.335
            ],
            [
              3.33,
              42.334500000000006
            ],
            [
              3.3310000000000004,
              42.334500000000006
            ],
            [
              3.3315,
              42.334
            ],
            [
              3.3320000000000003,
              42.3335
            ],
            [
              3.333,
              42.3335
            ],
            [
              3.3335,
              42.333
            ],
            [
              3.334,
              42.332499999999996
            ],
            [
              3.335,
              42.332499999999996
            ],
            [
              3.3355,
              42.332
            ],
            [
              3.3360000000000003,
              42.331500000000005
            ],
            [
              3.337,
              42.331500000000005
            ],
            [
              3.3375000000000004,
              42.331
            ],
            [
              3.338,
              42.3305
            ],
            [
              3.3385000000000002,
              42.33
            ],
            [
              3.3390000000000004,
              42.329499999999996
            ],
            [
              3.3400000000000003,
              42.329499999999996
            ],
            [
              3.3405000000000005,
              42.329
            ],
            [
              3.341,
              42.328500000000005
            ],
            [
              3.3415,
              42.328
            ],
            [
              3.342,
              42.3275
            ],
            [
              3.3425000000000002,
              42.327
            ],
            [
              3.343,
              42.326499999999996
            ],
            [
              3.3435,
              42.326
            ],
            [
              3.3440000000000003,
              42.325500000000005
            ],
            [
              3.345,
              42.325500000000005
            ],
            [
              3.3455000000000004,
              42.325
            ],
            [
              3.346,
              42.3245
            ],
            [
              3.3465000000000003,
              42.324
            ],
            [
              3.3470000000000004,
              42.323499999999996
            ],
            [
              3.3475,
              42.323
            ],
            [
              3.3480000000000003,
              42.322500000000005
            ],
            [
              3.3485000000000005,
              42.322
            ],
            [
              3.349,
              42.3215
            ],
            [
              3.3495,
              42.321
            ],
            [
              3.35,
              42.320499999999996
            ],
            [
              3.3505000000000003,
              42.32
            ],
            [
              3.351,
              42.319500000000005
            ],
            [
              3.3515,
              42.319
            ],
            [
              3.3520000000000003,
              42.3185
            ],
            [
              3.3525,
              42.318
            ],
            [
              3.353,
              42.317499999999995
            ],
            [
              3.3535000000000004,
              42.317
            ],
            [
              3.354,
              42.316500000000005
            ],
            [
              3.3545000000000003,
              42.316
            ],
            [
              3.3545000000000003,
              42.315
            ],
            [
              3.3545000000000003,
              42.314
            ],
            [
              3.3545000000000003,
              42.313
            ],
            [
              3.3545000000000003,
              42.312
            ],
            [
              3.3550000000000004,
              42.311499999999995
            ],
            [
              3.3555,
              42.311
            ],
            [
              3.3555,
              42.31
            ],
            [
              3.3555,
              42.309
            ],
            [
              3.3555,
              42.308
            ],
            [
              3.3555,
              42.307
            ],
            [
              3.3555,
              42.306
            ],
            [
              3.3560000000000003,
              42.305499999999995
            ],
            [
              3.3565000000000005,
              42.305
            ],
            [
              3.3565000000000005,
              42.304
            ],
            [
              3.3565000000000005,
              42.303
            ],
            [
              3.3565000000000005,
              42.302
            ],
            [
              3.3565000000000005,
              42.301
            ],
            [
              3.3565000000000005,
              42.3
            ],
            [
              3.3475,
              42.3
            ],
            [
              3.3475,
              42.301
            ],
            [
              3.3480000000000003,
              42.301500000000004
            ],
            [
              3.3485000000000005,
              42.302
            ],
            [
              3.3485000000000005,
              42.303
            ],
            [
              3.3485000000000005,
              42.304
            ],
            [
              3.349,
              42.304500000000004
            ],
            [
              3.3495,
              42.305
            ],
            [
              3.3495,
              42.306
            ],
            [
              3.3495,
              42.307
            ],
            [
              3.35,
              42.307500000000005
            ],
            [
              3.3505000000000003,
              42.308
            ],
            [
              3.3505000000000003,
              42.309
            ],
            [
              3.3505000000000003,
              42.31
            ],
            [
              3.35,
              42.310500000000005
            ],
            [
              3.3495,
              42.311
            ],
            [
              3.3495,
              42.312
            ],
            [
              3.349,
              42.3125
            ],
            [
              3.3485000000000005,
              42.313
            ],
            [
              3.3480000000000003,
              42.313500000000005
            ],
            [
              3.3475,
              42.314
            ],
            [
              3.3470000000000004,
              42.314499999999995
            ],
            [
              3.3465000000000003,
              42.315
            ],
            [
              3.3465000000000003,
              42.316
            ],
            [
              3.3465000000000003,
              42.317
            ],
            [
              3.3465000000000003,
              42.318
            ],
            [
              3.3465000000000003,
              42.319
            ],
            [
              3.346,
              42.319500000000005
            ],
            [
              3.3455000000000004,
              42.32
            ],
            [
              3.345,
              42.320499999999996
            ],
            [
              3.3445,
              42.321
            ],
            [
              3.3445,
              42.322
            ],
            [
              3.3440000000000003,
              42.322500000000005
            ],
            [
              3.3435,
              42.323
            ],
            [
              3.343,
              42.323499999999996
            ],
            [
              3.3425000000000002,
              42.324
            ],
            [
              3.342,
              42.3245
            ],
            [
              3.341,
              42.3245
            ],
            [
              3.3405000000000005,
              42.325
            ],
            [
              3.3400000000000003,
              42.325500000000005
            ],
            [
              3.3395,
              42.326
            ],
            [
              3.3390000000000004,
              42.326499999999996
            ],
            [
              3.338,
              42.326499999999996
            ],
            [
              3.3375000000000004,
              42.327
            ],
            [
              3.337,
              42.3275
            ],
            [
              3.3360000000000003,
              42.3275
            ],
            [
              3.335,
              42.3275
            ],
            [
              3.3345000000000002,
              42.328
            ],
            [
              3.334,
              42.328500000000005
            ],
            [
              3.333,
              42.328500000000005
            ],
            [
              3.3320000000000003,
              42.328500000000005
            ],
            [
              3.3315,
              42.329
            ],
            [
              3.3310000000000004,
              42.329499999999996
            ],
            [
              3.33,
              42.329499999999996
            ],
            [
              3.3295000000000003,
              42.33
            ],
            [
              3.329,
              42.3305
            ],
            [
              3.3280000000000003,
              42.3305
            ],
            [
              3.3275,
              42.331
            ],
            [
              3.327,
              42.331500000000005
            ],
            [
              3.326,
              42.331500000000005
            ],
            [
              3.3255,
              42.332
            ],
            [
              3.325,
              42.332499999999996
            ],
            [
              3.3240000000000003,
              42.332499999999996
            ],
            [
              3.3230000000000004,
              42.332499999999996
            ],
            [
              3.3225000000000002,
              42.333
            ],
            [
              3.322,
              42.3335
            ],
            [
              3.321,
              42.3335
            ],
            [
              3.3200000000000003,
              42.3335
            ],
            [
              3.3195,
              42.334
            ],
            [
              3.319,
              42.334500000000006
            ],
            [
              3.318,
              42.334500000000006
            ],
            [
              3.3175,
              42.335
            ],
            [
              3.317,
              42.335499999999996
            ],
            [
              3.3160000000000003,
              42.335499999999996
            ],
            [
              3.3150000000000004,
              42.335499999999996
            ],
            [
              3.3145000000000002,
              42.336
            ],
            [
              3.314,
              42.3365
            ],
            [
              3.313,
              42.3365
            ],
            [
              3.3125,
              42.337
            ],
            [
              3.3120000000000003,
              42.337500000000006
            ],
            [
              3.3110000000000004,
              42.337500000000006
            ],
            [
              3.31,
              42.337500000000006
            ],
            [
              3.3095,
              42.338
            ],
            [
              3.309,
              42.338499999999996
            ],
            [
              3.3080000000000003,
              42.338499999999996
            ],
            [
              3.3075,
              42.339
            ],
            [
              3.3070000000000004,
              42.3395
            ],
            [
              3.306,
              42.3395
            ],
            [
              3.3055000000000003,
              42.34
            ],
            [
              3.305,
              42.340500000000006
            ],
            [
              3.3040000000000003,
              42.340500000000006
            ],
            [
              3.3035000000000005,
              42.341
            ],
            [
              3.3030000000000004,
              42.341499999999996
            ],
            [
              3.302,
              42.341499999999996
            ],
            [
              3.301,
              42.341499999999996
            ],
            [
              3.3005000000000004,
              42.342
            ],
            [
              3.3000000000000003,
              42.3425
            ],
            [
              3.2990000000000004,
              42.3425
            ],
            [
              3.298,
              42.3425
            ],
            [
              3.2975000000000003,
              42.343
            ],
            [
              3.297,
              42.343500000000006
            ],
            [
              3.2960000000000003,
              42.343500000000006
            ],
            [
              3.2950000000000004,
              42.343500000000006
            ],
            [
              3.2945,
              42.344
            ],
            [
              3.294,
              42.3445
            ],
            [
              3.293,
              42.3445
            ],
            [
              3.2920000000000003,
              42.3445
            ],
            [
              3.2915,
              42.345
            ],
            [
              3.2910000000000004,
              42.3455
            ],
            [
              3.29,
              42.3455
            ],
            [
              3.2895000000000003,
              42.346000000000004
            ],
            [
              3.289,
              42.346500000000006
            ],
            [
              3.2880000000000003,
              42.346500000000006
            ],
            [
              3.2870000000000004,
              42.346500000000006
            ],
            [
              3.2865,
              42.347
            ],
            [
              3.286,
              42.3475
            ],
            [
              3.285,
              42.3475
            ],
            [
              3.2840000000000003,
              42.3475
            ],
            [
              3.2830000000000004,
              42.3475
            ],
            [
              3.282,
              42.3475
            ],
            [
              3.281,
              42.3475
            ],
            [
              3.2800000000000002,
              42.3475
            ],
            [
              3.2795000000000005,
              42.348
            ],
            [
              3.2790000000000004,
              42.3485
            ],
            [
              3.278,
              42.3485
            ],
            [
              3.277,
              42.3485
            ],
            [
              3.2760000000000002,
              42.3485
            ],
            [
              3.2755,
              42.349000000000004
            ],
            [
              3.2750000000000004,
              42.349500000000006
            ],
            [
              3.274,
              42.349500000000006
            ],
            [
              3.273,
              42.349500000000006
            ],
            [
              3.2725,
              42.35
            ],
            [
              3.2720000000000002,
              42.3505
            ],
            [
              3.2710000000000004,
              42.3505
            ],
            [
              3.27,
              42.3505
            ],
            [
              3.2695,
              42.351
            ],
            [
              3.269,
              42.3515
            ],
            [
              3.2680000000000002,
              42.3515
            ],
            [
              3.2670000000000003,
              42.3515
            ],
            [
              3.2665,
              42.352000000000004
            ],
            [
              3.266,
              42.352500000000006
            ],
            [
              3.265,
              42.352500000000006
            ],
            [
              3.2640000000000002,
              42.352500000000006
            ],
            [
              3.2630000000000003,
              42.352500000000006
            ],
            [
              3.2625,
              42.353
            ],
            [
              3.262,
              42.3535
            ],
            [
              3.261,
              42.3535
            ],
            [
              3.2600000000000002,
              42.3535
            ],
            [
              3.2590000000000003,
              42.3535
            ],
            [
              3.2585,
              42.354
            ],
            [
              3.258,
              42.3545
            ],
            [
              3.257,
              42.3545
            ],
            [
              3.2565,
              42.355000000000004
            ],
            [
              3.2560000000000002,
              42.355500000000006
            ],
            [
              3.2550000000000003,
              42.355500000000006
            ],
            [
              3.254,
              42.355500000000006
            ],
            [
              3.2535,
              42.356
            ],
            [
              3.253,
              42.3565
            ],
            [
              3.2525000000000004,
              42.357
            ],
            [
              3.2520000000000002,
              42.3575
            ],
            [
              3.2510000000000003,
              42.3575
            ],
            [
              3.2505,
              42.358
            ],
            [
              3.25,
              42.3585
            ],
            [
              3.2495000000000003,
              42.359
            ],
            [
              3.2495000000000003,
              42.36
            ],
            [
              3.249,
              42.3605
            ],
            [
              3.2485,
              42.361
            ],
            [
              3.2485,
              42.362
            ],
            [
              3.248,
              42.3625
            ],
            [
              3.2475000000000005,
              42.363
            ],
            [
              3.2475000000000005,
              42.364
            ],
            [
              3.2475000000000005,
              42.365
            ],
            [
              3.2470000000000003,
              42.3655
            ],
            [
              3.2465,
              42.366
            ],
            [
              3.2465,
              42.367
            ],
            [
              3.2465,
              42.368
            ],
            [
              3.2460000000000004,
              42.3685
            ],
            [
              3.2455000000000003,
              42.369
            ],
            [
              3.2455000000000003,
              42.37
            ],
            [
              3.245,
              42.3705
            ],
            [
              3.2445000000000004,
              42.371
            ],
            [
              3.244,
              42.3715
            ],
            [
              3.2435,
              42.372
            ],
            [
              3.2435,
              42.373
            ],
            [
              3.2430000000000003,
              42.3735
            ],
            [
              3.2425,
              42.374
            ],
            [
              3.242,
              42.3745
            ],
            [
              3.2415000000000003,
              42.375
            ],
            [
              3.241,
              42.3755
            ],
            [
              3.2405,
              42.376
            ],
            [
              3.2405,
              42.377
            ],
            [
              3.24,
              42.3775
            ],
            [
              3.2395000000000005,
              42.378
            ],
            [
              3.2395000000000005,
              42.379
            ],
            [
              3.2395000000000005,
              42.38
            ],
            [
              3.2395000000000005,
              42.381
            ],
            [
              3.2395000000000005,
              42.382
            ],
            [
              3.2395000000000005,
              42.383
            ],
            [
              3.2395000000000005,
              42.384
            ],
            [
              3.2395000000000005,
              42.385
            ],
            [
              3.2395000000000005,
              42.386
            ],
            [
              3.2395000000000005,
              42.387
            ],
            [
              3.2395000000000005,
              42.388
            ],
            [
              3.2390000000000003,
              42.3885
            ],
            [
              3.2385,
              42.389
            ],
            [
              3.2385,
              42.39
            ],
            [
              3.2385,
              42.391
            ],
            [
              3.2380000000000004,
              42.3915
            ],
            [
              3.2375000000000003,
              42.392
            ],
            [
              3.2375000000000003,
              42.393
            ],
            [
              3.2375000000000003,
              42.394
            ],
            [
              3.237,
              42.3945
            ],
            [
              3.2365000000000004,
              42.395
            ],
            [
              3.2365000000000004,
              42.396
            ],
            [
              3.2365000000000004,
              42.397
            ],
            [
              3.236,
              42.3975
            ],
            [
              3.2355,
              42.398
            ],
            [
              3.2355,
              42.399
            ],
            [
              3.2350000000000003,
              42.3995
            ],
            [
              3.2345,
              42.4
            ],
            [
              3.2345,
              42.401
            ],
            [
              3.234,
              42.4015
            ],
            [
              3.2335000000000003,
              42.402
            ],
            [
              3.2335000000000003,
              42.403
            ],
            [
              3.233,
              42.4035
            ],
            [
              3.2325,
              42.404
            ],
            [
              3.2325,
              42.405
            ],
            [
              3.2325,
              42.406
            ],
            [
              3.232,
              42.4065
            ],
            [
              3.2315000000000005,
              42.407000000000004
            ],
            [
              3.2310000000000003,
              42.4075
            ],
            [
              3.2305,
              42.408
            ],
            [
              3.2305,
              42.409
            ],
            [
              3.2300000000000004,
              42.4095
            ],
            [
              3.2295000000000003,
              42.410000000000004
            ],
            [
              3.2295000000000003,
              42.411
            ],
            [
              3.229,
              42.411500000000004
            ],
            [
              3.2285000000000004,
              42.412
            ],
            [
              3.2285000000000004,
              42.413000000000004
            ],
            [
              3.228,
              42.4135
            ],
            [
              3.2275,
              42.414
            ],
            [
              3.2270000000000003,
              42.414500000000004
            ],
            [
              3.2265,
              42.415
            ],
            [
              3.2265,
              42.416000000000004
            ],
            [
              3.226,
              42.4165
            ],
            [
              3.2255000000000003,
              42.417
            ],
            [
              3.225,
              42.417500000000004
            ],
            [
              3.2245,
              42.418
            ],
            [
              3.224,
              42.418499999999995
            ],
            [
              3.2235000000000005,
              42.419
            ],
            [
              3.2235000000000005,
              42.42
            ],
            [
              3.2230000000000003,
              42.420500000000004
            ],
            [
              3.2225,
              42.421
            ],
            [
              3.2220000000000004,
              42.421499999999995
            ],
            [
              3.2215000000000003,
              42.422
            ],
            [
              3.221,
              42.4225
            ],
            [
              3.2205000000000004,
              42.423
            ],
            [
              3.2205000000000004,
              42.424
            ],
            [
              3.22,
              42.424499999999995
            ],
            [
              3.2195,
              42.425
            ],
            [
              3.2190000000000003,
              42.4255
            ],
            [
              3.2185,
              42.426
            ],
            [
              3.2185,
              42.427
            ],
            [
              3.218,
              42.427499999999995
            ],
            [
              3.2175000000000002,
              42.428
            ],
            [
              3.2175000000000002,
              42.429
            ],
            [
              3.217,
              42.429500000000004
            ],
            [
              3.2165,
              42.43
            ],
            [
              3.2165,
              42.431
            ],
            [
              3.2165,
              42.432
            ],
            [
              3.2165,
              42.433
            ],
            [
              3.2165,
              42.434
            ],
            [
              3.2165,
              42.435
            ],
            [
              3.2165,
              42.436
            ],
            [
              3.217,
              42.436499999999995
            ],
            [
              3.2175000000000002,
              42.437
            ],
            [
              3.217,
              42.4375
            ],
            [
              3.2165,
              42.438
            ],
            [
              3.2165,
              42.439
            ],
            [
              3.2165,
              42.44
            ],
            [
              3.2165,
              42.441
            ],
            [
              3.2165,
              42.442
            ],
            [
              3.2165,
              42.443
            ],
            [
              3.2165,
              42.444
            ],
            [
              3.216,
              42.444500000000005
            ],
            [
              3.2155000000000005,
              42.445
            ],
            [
              3.2155000000000005,
              42.446
            ],
            [
              3.2150000000000003,
              42.4465
            ],
            [
              3.2145,
              42.447
            ],
            [
              3.2145,
              42.448
            ],
            [
              3.2140000000000004,
              42.448499999999996
            ],
            [
              3.213,
              42.448499999999996
            ],
            [
              3.2125000000000004,
              42.449
            ],
            [
              3.212,
              42.4495
            ],
            [
              3.2115,
              42.45
            ],
            [
              3.2115,
              42.451
            ],
            [
              3.2115,
              42.452
            ],
            [
              3.2115,
              42.453
            ],
            [
              3.2115,
              42.454
            ],
            [
              3.212,
              42.454499999999996
            ],
            [
              3.2125000000000004,
              42.455
            ],
            [
              3.213,
              42.4555
            ],
            [
              3.2135000000000002,
              42.456
            ],
            [
              3.2135000000000002,
              42.457
            ],
            [
              3.2140000000000004,
              42.457499999999996
            ],
            [
              3.2145,
              42.458
            ],
            [
              3.2150000000000003,
              42.4585
            ],
            [
              3.2155000000000005,
              42.459
            ],
            [
              3.2155000000000005,
              42.46
            ],
            [
              3.216,
              42.460499999999996
            ],
            [
              3.2165,
              42.461
            ],
            [
              3.2165,
              42.462
            ],
            [
              3.217,
              42.462500000000006
            ],
            [
              3.2175000000000002,
              42.463
            ],
            [
              3.2175000000000002,
              42.464
            ],
            [
              3.218,
              42.4645
            ],
            [
              3.2185,
              42.465
            ],
            [
              3.2185,
              42.466
            ],
            [
              3.2190000000000003,
              42.466499999999996
            ],
            [
              3.2195,
              42.467
            ],
            [
              3.22,
              42.4675
            ],
            [
              3.2205000000000004,
              42.468
            ],
            [
              3.2205000000000004,
              42.469
            ],
            [
              3.221,
              42.4695
            ],
            [
              3.2215000000000003,
              42.47
            ],
            [
              3.2220000000000004,
              42.4705
            ],
            [
              3.2225,
              42.471000000000004
            ],
            [
              3.2230000000000003,
              42.471500000000006
            ],
            [
              3.2235000000000005,
              42.472
            ],
            [
              3.224,
              42.4725
            ],
            [
              3.225,
              42.4725
            ],
            [
              3.2255000000000003,
              42.473
            ],
            [
              3.226,
              42.4735
            ],
            [
              3.2265,
              42.473
            ],
            [
              3.2270000000000003,
              42.4725
            ],
            [
              3.2275,
              42.472
            ],
            [
              3.228,
              42.471500000000006
            ],
            [
              3.2285000000000004,
              42.471000000000004
            ],
            [
              3.2285000000000004,
              42.47
            ],
            [
              3.2285000000000004,
              42.469
            ],
            [
              3.2285000000000004,
              42.468
            ],
            [
              3.2285000000000004,
              42.467
            ],
            [
              3.2285000000000004,
              42.466
            ],
            [
              3.2285000000000004,
              42.465
            ],
            [
              3.2285000000000004,
              42.464
            ],
            [
              3.229,
              42.463499999999996
            ],
            [
              3.2295000000000003,
              42.463
            ],
            [
              3.2295000000000003,
              42.462
            ],
            [
              3.2300000000000004,
              42.4615
            ],
            [
              3.2305,
              42.461
            ],
            [
              3.2300000000000004,
              42.460499999999996
            ],
            [
              3.2295000000000003,
              42.46
            ],
            [
              3.2295000000000003,
              42.459
            ],
            [
              3.229,
              42.4585
            ],
            [
              3.2285000000000004,
              42.458
            ],
            [
              3.228,
              42.457499999999996
            ],
            [
              3.2275,
              42.457
            ],
            [
              3.2275,
              42.456
            ],
            [
              3.2270000000000003,
              42.4555
            ],
            [
              3.2265,
              42.455
            ],
            [
              3.2265,
              42.454
            ],
            [
              3.2265,
              42.453
            ],
            [
              3.2265,
              42.452
            ],
            [
              3.2265,
              42.451
            ],
            [
              3.2265,
              42.45
            ],
            [
              3.2265,
              42.449
            ],
            [
              3.2270000000000003,
              42.448499999999996
            ],
            [
              3.2275,
              42.448
            ],
            [
              3.2275,
              42.447
            ],
            [
              3.228,
              42.4465
            ],
            [
              3.2285000000000004,
              42.446
            ],
            [
              3.2285000000000004,
              42.445
            ],
            [
              3.2285000000000004,
              42.444
            ],
            [
              3.2285000000000004,
              42.443
            ],
            [
              3.2285000000000004,
              42.442
            ],
            [
              3.2285000000000004,
              42.441
            ],
            [
              3.2285000000000004,
              42.44
            ],
            [
              3.2285000000000004,
              42.439
            ],
            [
              3.2285000000000004,
              42.438
            ],
            [
              3.229,
              42.4375
            ],
            [
              3.2295000000000003,
              42.437
            ],
            [
              3.2300000000000004,
              42.436499999999995
            ],
            [
              3.2310000000000003,
              42.436499999999995
            ],
            [
              3.2315000000000005,
              42.437
            ],
            [
              3.232,
              42.4375
            ],
            [
              3.233,
              42.4375
            ],
            [
              3.2335000000000003,
              42.438
            ],
            [
              3.2335000000000003,
              42.439
            ],
            [
              3.234,
              42.439499999999995
            ],
            [
              3.2345,
              42.44
            ],
            [
              3.2350000000000003,
              42.4405
            ],
            [
              3.236,
              42.4405
            ],
            [
              3.2365000000000004,
              42.441
            ],
            [
              3.237,
              42.441500000000005
            ],
            [
              3.2375000000000003,
              42.442
            ],
            [
              3.2380000000000004,
              42.442499999999995
            ],
            [
              3.2390000000000003,
              42.442499999999995
            ],
            [
              3.2395000000000005,
              42.443
            ],
            [
              3.2395000000000005,
              42.444
            ],
            [
              3.24,
              42.444500000000005
            ],
            [
              3.2405,
              42.445
            ],
            [
              3.2405,
              42.446
            ],
            [
              3.24,
              42.4465
            ],
            [
              3.2395000000000005,
              42.447
            ],
            [
              3.2395000000000005,
              42.448
            ],
            [
              3.2395000000000005,
              42.449
            ],
            [
              3.2395000000000005,
              42.45
            ],
            [
              3.2395000000000005,
              42.451
            ],
            [
              3.2395000000000005,
              42.452
            ],
            [
              3.2390000000000003,
              42.4525
            ],
            [
              3.2385,
              42.453
            ],
            [
              3.2385,
              42.454
            ],
            [
              3.2385,
              42.455
            ],
            [
              3.2390000000000003,
              42.4555
            ],
            [
              3.2395000000000005,
              42.456
            ],
            [
              3.24,
              42.456500000000005
            ],
            [
              3.2405,
              42.457
            ],
            [
              3.241,
              42.457499999999996
            ],
            [
              3.242,
              42.457499999999996
            ],
            [
              3.2425,
              42.458
            ],
            [
              3.2430000000000003,
              42.4585
            ],
            [
              3.244,
              42.4585
            ],
            [
              3.2445000000000004,
              42.459
            ],
            [
              3.2445000000000004,
              42.46
            ],
            [
              3.2445000000000004,
              42.461
            ],
            [
              3.2445000000000004,
              42.462
            ],
            [
              3.2445000000000004,
              42.463
            ],
            [
              3.244,
              42.463499999999996
            ],
            [
              3.2435,
              42.464
            ],
            [
              3.244,
              42.4645
            ],
            [
              3.2445000000000004,
              42.465
            ],
            [
              3.245,
              42.465500000000006
            ],
            [
              3.2455000000000003,
              42.466
            ],
            [
              3.2460000000000004,
              42.466499999999996
            ],
            [
              3.2470000000000003,
              42.466499999999996
            ],
            [
              3.2475000000000005,
              42.467
            ],
            [
              3.248,
              42.4675
            ],
            [
              3.249,
              42.4675
            ],
            [
              3.2495000000000003,
              42.468
            ],
            [
              3.25,
              42.468500000000006
            ],
            [
              3.2505,
              42.469
            ],
            [
              3.2510000000000003,
              42.4695
            ],
            [
              3.2520000000000002,
              42.4695
            ],
            [
              3.2525000000000004,
              42.47
            ],
            [
              3.253,
              42.4705
            ],
            [
              3.2535,
              42.471000000000004
            ],
            [
              3.254,
              42.471500000000006
            ],
            [
              3.2550000000000003,
              42.471500000000006
            ],
            [
              3.2555000000000005,
              42.472
            ],
            [
              3.2560000000000002,
              42.4725
            ],
            [
              3.2565,
              42.473
            ],
            [
              3.257,
              42.4735
            ],
            [
              3.2575000000000003,
              42.474000000000004
            ],
            [
              3.258,
              42.474500000000006
            ],
            [
              3.2585,
              42.475
            ],
            [
              3.2585,
              42.476
            ],
            [
              3.2590000000000003,
              42.4765
            ],
            [
              3.2595,
              42.477000000000004
            ],
            [
              3.2595,
              42.478
            ],
            [
              3.2600000000000002,
              42.4785
            ],
            [
              3.2605000000000004,
              42.479
            ],
            [
              3.261,
              42.4795
            ],
            [
              3.2615,
              42.480000000000004
            ],
            [
              3.2615,
              42.481
            ],
            [
              3.262,
              42.4815
            ],
            [
              3.2625,
              42.482
            ],
            [
              3.2625,
              42.483
            ],
            [
              3.2625,
              42.484
            ],
            [
              3.2630000000000003,
              42.4845
            ],
            [
              3.2635000000000005,
              42.485
            ],
            [
              3.2635000000000005,
              42.486
            ],
            [
              3.2640000000000002,
              42.4865
            ],
            [
              3.2645,
              42.487
            ],
            [
              3.2645,
              42.488
            ],
            [
              3.2645,
              42.489
            ],
            [
              3.2640000000000002,
              42.4895
            ],
            [
              3.2630000000000003,
              42.4895
            ],
            [
              3.262,
              42.4895
            ],
            [
              3.261,
              42.4895
            ],
            [
              3.2605000000000004,
              42.489
            ],
            [
              3.2600000000000002,
              42.4885
            ],
            [
              3.2590000000000003,
              42.4885
            ],
            [
              3.258,
              42.4885
            ],
            [
              3.257,
              42.4885
            ],
            [
              3.2565,
              42.488
            ],
            [
              3.2560000000000002,
              42.4875
            ],
            [
              3.2550000000000003,
              42.4875
            ],
            [
              3.254,
              42.4875
            ],
            [
              3.2535,
              42.487
            ],
            [
              3.253,
              42.4865
            ],
            [
              3.2520000000000002,
              42.4865
            ],
            [
              3.2510000000000003,
              42.4865
            ],
            [
              3.25,
              42.4865
            ],
            [
              3.249,
              42.4865
            ],
            [
              3.248,
              42.4865
            ],
            [
              3.2470000000000003,
              42.4865
            ],
            [
              3.2460000000000004,
              42.4865
            ],
            [
              3.245,
              42.4865
            ],
            [
              3.244,
              42.4865
            ],
            [
              3.2430000000000003,
              42.4865
            ],
            [
              3.242,
              42.4865
            ],
            [
              3.2415000000000003,
              42.486
            ],
            [
              3.241,
              42.4855
            ],
            [
              3.24,
              42.4855
            ],
            [
              3.2395000000000005,
              42.485
            ],
            [
              3.2390000000000003,
              42.4845
            ],
            [
              3.2385,
              42.484
            ],
            [
              3.2380000000000004,
              42.4835
            ],
            [
              3.2375000000000003,
              42.483
            ],
            [
              3.237,
              42.4825
            ],
            [
              3.2365000000000004,
              42.482
            ],
            [
              3.236,
              42.4815
            ],
            [
              3.2355,
              42.481
            ],
            [
              3.2355,
              42.480000000000004
            ],
            [
              3.2350000000000003,
              42.4795
            ],
            [
              3.2345,
              42.479
            ],
            [
              3.234,
              42.4785
            ],
            [
              3.2335000000000003,
              42.478
            ],
            [
              3.233,
              42.477500000000006
            ],
            [
              3.232,
              42.477500000000006
            ],
            [
              3.2315000000000005,
              42.477000000000004
            ],
            [
              3.2310000000000003,
              42.4765
            ],
            [
              3.2300000000000004,
              42.4765
            ],
            [
              3.229,
              42.4765
            ],
            [
              3.2285000000000004,
              42.477000000000004
            ],
            [
              3.2285000000000004,
              42.478
            ],
            [
              3.228,
              42.4785
            ],
            [
              3.2275,
              42.479
            ],
            [
              3.2275,
              42.480000000000004
            ],
            [
              3.2270000000000003,
              42.480500000000006
            ],
            [
              3.2265,
              42.481
            ],
            [
              3.226,
              42.4815
            ],
            [
              3.2255000000000003,
              42.482
            ],
            [
              3.225,
              42.4825
            ],
            [
              3.2245,
              42.483
            ],
            [
              3.2245,
              42.484
            ],
            [
              3.224,
              42.4845
            ],
            [
              3.2235000000000005,
              42.485
            ],
            [
              3.2235000000000005,
              42.486
            ],
            [
              3.2235000000000005,
              42.487
            ],
            [
              3.224,
              42.4875
            ],
            [
              3.2245,
              42.488
            ],
            [
              3.2245,
              42.489
            ],
            [
              3.225,
              42.4895
            ],
            [
              3.226,
              42.4895
            ],
            [
              3.2265,
              42.49
            ],
            [
              3.2270000000000003,
              42.4905
            ],
            [
              3.228,
              42.4905
            ],
            [
              3.2285000000000004,
              42.491
            ],
            [
              3.229,
              42.4915
            ],
            [
              3.2300000000000004,
              42.4915
            ],
            [
              3.2305,
              42.492
            ],
            [
              3.2310000000000003,
              42.4925
            ],
            [
              3.232,
              42.4925
            ],
            [
              3.2325,
              42.493
            ],
            [
              3.233,
              42.4935
            ],
            [
              3.234,
              42.4935
            ],
            [
              3.2350000000000003,
              42.4935
            ],
            [
              3.236,
              42.4935
            ],
            [
              3.2365000000000004,
              42.493
            ],
            [
              3.237,
              42.4925
            ],
            [
              3.2380000000000004,
              42.4925
            ],
            [
              3.2385,
              42.492
            ],
            [
              3.2390000000000003,
              42.4915
            ],
            [
              3.2395000000000005,
              42.492
            ],
            [
              3.24,
              42.4925
            ],
            [
              3.241,
              42.4925
            ],
            [
              3.242,
              42.4925
            ],
            [
              3.2425,
              42.493
            ],
            [
              3.2430000000000003,
              42.4935
            ],
            [
              3.2435,
              42.494
            ],
            [
              3.244,
              42.4945
            ],
            [
              3.245,
              42.4945
            ],
            [
              3.2455000000000003,
              42.495
            ],
            [
              3.2460000000000004,
              42.4955
            ],
            [
              3.2465,
              42.495
            ],
            [
              3.2470000000000003,
              42.4945
            ],
            [
              3.248,
              42.4945
            ],
            [
              3.249,
              42.4945
            ],
            [
              3.25,
              42.4945
            ],
            [
              3.2510000000000003,
              42.4945
            ],
            [
              3.2520000000000002,
              42.4945
            ],
            [
              3.253,
              42.4945
            ],
            [
              3.254,
              42.4945
            ],
            [
              3.2550000000000003,
              42.4945
            ],
            [
              3.2560000000000002,
              42.4945
            ],
            [
              3.257,
              42.4945
            ],
            [
              3.258,
              42.4945
            ],
            [
              3.2590000000000003,
              42.4945
            ],
            [
              3.2595,
              42.495
            ],
            [
              3.2600000000000002,
              42.4955
            ],
            [
              3.2605000000000004,
              42.495
            ],
            [
              3.261,
              42.4945
            ],
            [
              3.262,
              42.4945
            ],
            [
              3.2630000000000003,
              42.4945
            ],
            [
              3.2635000000000005,
              42.494
            ],
            [
              3.2640000000000002,
              42.4935
            ],
            [
              3.265,
              42.4935
            ],
            [
              3.2655000000000003,
              42.493
            ],
            [
              3.266,
              42.4925
            ],
            [
              3.2670000000000003,
              42.4925
            ],
            [
              3.2680000000000002,
              42.4925
            ],
            [
              3.2685000000000004,
              42.493
            ],
            [
              3.269,
              42.4935
            ],
            [
              3.27,
              42.4935
            ],
            [
              3.2710000000000004,
              42.4935
            ],
            [
              3.2715000000000005,
              42.494
            ],
            [
              3.2720000000000002,
              42.4945
            ],
            [
              3.273,
              42.4945
            ],
            [
              3.274,
              42.4945
            ],
            [
              3.2745,
              42.495
            ],
            [
              3.2750000000000004,
              42.4955
            ],
            [
              3.2760000000000002,
              42.4955
            ],
            [
              3.2765000000000004,
              42.496
            ],
            [
              3.277,
              42.4965
            ],
            [
              3.2775,
              42.497
            ],
            [
              3.278,
              42.4975
            ],
            [
              3.2790000000000004,
              42.4975
            ],
            [
              3.2795000000000005,
              42.498
            ],
            [
              3.2800000000000002,
              42.4985
            ],
            [
              3.281,
              42.4985
            ],
            [
              3.2815000000000003,
              42.499
            ],
            [
              3.282,
              42.4995
            ],
            [
              3.2830000000000004,
              42.4995
            ],
            [
              3.2835,
              42.5
            ],
            [
              3.2840000000000003,
              42.5005
            ],
            [
              3.285,
              42.5005
            ],
            [
              3.2855,
              42.501
            ],
            [
              3.286,
              42.5015
            ],
            [
              3.2870000000000004,
              42.5015
            ],
            [
              3.2875000000000005,
              42.502
            ],
            [
              3.2880000000000003,
              42.5025
            ],
            [
              3.2885,
              42.503
            ],
            [
              3.289,
              42.5035
            ],
            [
              3.29,
              42.5035
            ],
            [
              3.2905,
              42.504
            ],
            [
              3.2910000000000004,
              42.5045
            ],
            [
              3.2915,
              42.505
            ],
            [
              3.2920000000000003,
              42.5055
            ],
            [
              3.2925000000000004,
              42.506
            ],
            [
              3.2925000000000004,
              42.507
            ],
            [
              3.293,
              42.5075
            ],
            [
              3.2935,
              42.508
            ],
            [
              3.2935,
              42.509
            ],
            [
              3.2935,
              42.51
            ],
            [
              3.2935,
              42.511
            ],
            [
              3.2935,
              42.512
            ],
            [
              3.2935,
              42.513
            ],
            [
              3.293,
              42.5135
            ],
            [
              3.2925000000000004,
              42.514
            ],
            [
              3.2920000000000003,
              42.5145
            ],
            [
              3.2910000000000004,
              42.5145
            ],
            [
              3.29,
              42.5145
            ],
            [
              3.289,
              42.5145
            ],
            [
              3.2880000000000003,
              42.5145
            ],
            [
              3.2870000000000004,
              42.5145
            ],
            [
              3.2865,
              42.514
            ],
            [
              3.286,
              42.5135
            ],
            [
              3.2855,
              42.513
            ],
            [
              3.285,
              42.5125
            ],
            [
              3.2845000000000004,
              42.512
            ],
            [
              3.285,
              42.5115
            ],
            [
              3.2855,
              42.511
            ],
            [
              3.286,
              42.5105
            ],
            [
              3.2865,
              42.51
            ],
            [
              3.2865,
              42.509
            ],
            [
              3.286,
              42.5085
            ],
            [
              3.285,
              42.5085
            ],
            [
              3.2840000000000003,
              42.5085
            ],
            [
              3.2835,
              42.508
            ],
            [
              3.2830000000000004,
              42.5075
            ],
            [
              3.282,
              42.5075
            ],
            [
              3.281,
              42.5075
            ],
            [
              3.2805,
              42.507
            ],
            [
              3.2800000000000002,
              42.5065
            ],
            [
              3.2790000000000004,
              42.5065
            ],
            [
              3.278,
              42.5065
            ],
            [
              3.277,
              42.5065
            ],
            [
              3.2765000000000004,
              42.506
            ],
            [
              3.2760000000000002,
              42.5055
            ],
            [
              3.2750000000000004,
              42.5055
            ],
            [
              3.2745,
              42.506
            ],
            [
              3.274,
              42.5065
            ],
            [
              3.2735000000000003,
              42.507
            ],
            [
              3.2735000000000003,
              42.508
            ],
            [
              3.274,
              42.5085
            ],
            [
              3.2745,
              42.509
            ],
            [
              3.2750000000000004,
              42.5095
            ],
            [
              3.2755,
              42.51
            ],
            [
              3.2760000000000002,
              42.5105
            ],
            [
              3.2765000000000004,
              42.511
            ],
            [
              3.2760000000000002,
              42.5115
            ],
            [
              3.2755,
              42.512
            ],
            [
              3.2750000000000004,
              42.5125
            ],
            [
              3.274,
              42.5125
            ],
            [
              3.2735000000000003,
              42.513
            ],
            [
              3.273,
              42.5135
            ],
            [
              3.2720000000000002,
              42.5135
            ],
            [
              3.2710000000000004,
              42.5135
            ],
            [
              3.2705,
              42.514
            ],
            [
              3.27,
              42.5145
            ],
            [
              3.269,
              42.5145
            ],
            [
              3.2685000000000004,
              42.515
            ],
            [
              3.2680000000000002,
              42.5155
            ],
            [
              3.2670000000000003,
              42.5155
            ],
            [
              3.2665,
              42.516
            ],
            [
              3.266,
              42.5165
            ],
            [
              3.265,
              42.5165
            ],
            [
              3.2640000000000002,
              42.5165
            ],
            [
              3.2630000000000003,
              42.5165
            ],
            [
              3.262,
              42.5165
            ],
            [
              3.261,
              42.5165
            ],
            [
              3.2600000000000002,
              42.5165
            ],
            [
              3.2590000000000003,
              42.5165
            ],
            [
              3.258,
              42.5165
            ],
            [
              3.2575000000000003,
              42.517
            ],
            [
              3.257,
              42.5175
            ],
            [
              3.2565,
              42.518
            ],
            [
              3.2565,
              42.519
            ],
            [
              3.257,
              42.5195
            ],
            [
              3.2575000000000003,
              42.52
            ],
            [
              3.258,
              42.5205
            ],
            [
              3.2585,
              42.521
            ],
            [
              3.2590000000000003,
              42.5215
            ],
            [
              3.2600000000000002,
              42.5215
            ],
            [
              3.261,
              42.5215
            ],
            [
              3.262,
              42.5215
            ],
            [
              3.2625,
              42.521
            ],
            [
              3.2630000000000003,
              42.5205
            ],
            [
              3.2640000000000002,
              42.5205
            ],
            [
              3.265,
              42.5205
            ],
            [
              3.2655000000000003,
              42.52
            ],
            [
              3.266,
              42.5195
            ],
            [
              3.2670000000000003,
              42.5195
            ],
            [
              3.2675,
              42.519
            ],
            [
              3.2680000000000002,
              42.5185
            ],
            [
              3.269,
              42.5185
            ],
            [
              3.2695,
              42.518
            ],
            [
              3.27,
              42.5175
            ],
            [
              3.2710000000000004,
              42.5175
            ],
            [
              3.2720000000000002,
              42.5175
            ],
            [
              3.273,
              42.5175
            ],
            [
              3.2735000000000003,
              42.518
            ],
            [
              3.274,
              42.5185
            ],
            [
              3.2750000000000004,
              42.5185
            ],
            [
              3.2760000000000002,
              42.5185
            ],
            [
              3.277,
              42.5185
            ],
            [
              3.278,
              42.5185
            ],
            [
              3.2790000000000004,
              42.5185
            ],
            [
              3.2800000000000002,
              42.5185
            ],
            [
              3.281,
              42.5185
            ],
            [
              3.2815000000000003,
              42.519
            ],
            [
              3.282,
              42.5195
            ],
            [
              3.2825,
              42.52
            ],
            [
              3.2830000000000004,
              42.5205
            ],
            [
              3.2840000000000003,
              42.5205
            ],
            [
              3.2845000000000004,
              42.521
            ],
            [
              3.285,
              42.5215
            ],
            [
              3.2855,
              42.522
            ],
            [
              3.286,
              42.5225
            ],
            [
              3.2870000000000004,
              42.5225
            ],
            [
              3.2875000000000005,
              42.523
            ],
            [
              3.2880000000000003,
              42.5235
            ],
            [
              3.289,
              42.5235
            ],
            [
              3.29,
              42.5235
            ],
            [
              3.2910000000000004,
              42.5235
            ],
            [
              3.2915,
              42.524
            ],
            [
              3.2920000000000003,
              42.5245
            ],
            [
              3.293,
              42.5245
            ],
            [
              3.294,
              42.5245
            ],
            [
              3.2945,
              42.524
            ],
            [
              3.2950000000000004,
              42.5235
            ],
            [
              3.2960000000000003,
              42.5235
            ],
            [
              3.297,
              42.5235
            ],
            [
              3.2975000000000003,
              42.524
            ],
            [
              3.298,
              42.5245
            ],
            [
              3.2990000000000004,
              42.5245
            ],
            [
              3.2995,
              42.525
            ],
            [
              3.3000000000000003,
              42.5255
            ],
            [
              3.3005000000000004,
              42.526
            ],
            [
              3.3000000000000003,
              42.5265
            ],
            [
              3.2990000000000004,
              42.5265
            ],
            [
              3.298,
              42.5265
            ],
            [
              3.297,
              42.5265
            ],
            [
              3.2960000000000003,
              42.5265
            ],
            [
              3.2950000000000004,
              42.5265
            ],
            [
              3.294,
              42.5265
            ],
            [
              3.293,
              42.5265
            ],
            [
              3.2920000000000003,
              42.5265
            ],
            [
              3.2910000000000004,
              42.5265
            ],
            [
              3.29,
              42.5265
            ],
            [
              3.289,
              42.5265
            ],
            [
              3.2880000000000003,
              42.5265
            ],
            [
              3.2870000000000004,
              42.5265
            ],
            [
              3.286,
              42.5265
            ],
            [
              3.285,
              42.5265
            ],
            [
              3.2840000000000003,
              42.5265
            ],
            [
              3.2830000000000004,
              42.5265
            ],
            [
              3.2825,
              42.527
            ],
            [
              3.282,
              42.5275
            ],
            [
              3.281,
              42.5275
            ],
            [
              3.2800000000000002,
              42.5275
            ],
            [
              3.2790000000000004,
              42.5275
            ],
            [
              3.278,
              42.5275
            ],
            [
              3.2775,
              42.528
            ],
            [
              3.277,
              42.5285
            ],
            [
              3.2765000000000004,
              42.529
            ],
            [
              3.2765000000000004,
              42.53
            ],
            [
              3.2765000000000004,
              42.531
            ],
            [
              3.2760000000000002,
              42.5315
            ],
            [
              3.2750000000000004,
              42.5315
            ],
            [
              3.2745,
              42.532000000000004
            ],
            [
              3.274,
              42.5325
            ],
            [
              3.273,
              42.5325
            ],
            [
              3.2720000000000002,
              42.5325
            ],
            [
              3.2710000000000004,
              42.5325
            ],
            [
              3.27,
              42.5325
            ],
            [
              3.269,
              42.5325
            ],
            [
              3.2680000000000002,
              42.5325
            ],
            [
              3.2670000000000003,
              42.5325
            ],
            [
              3.266,
              42.5325
            ],
            [
              3.265,
              42.5325
            ],
            [
              3.2645,
              42.533
            ],
            [
              3.265,
              42.533500000000004
            ],
            [
              3.2655000000000003,
              42.534
            ],
            [
              3.2655000000000003,
              42.535000000000004
            ],
            [
              3.266,
              42.5355
            ],
            [
              3.2665,
              42.536
            ],
            [
              3.2665,
              42.537
            ],
            [
              3.2670000000000003,
              42.5375
            ],
            [
              3.2675,
              42.538000000000004
            ],
            [
              3.2675,
              42.539
            ],
            [
              3.2675,
              42.54
            ],
            [
              3.2675,
              42.541000000000004
            ],
            [
              3.2675,
              42.542
            ],
            [
              3.2675,
              42.543
            ],
            [
              3.2670000000000003,
              42.543499999999995
            ],
            [
              3.2665,
              42.544
            ],
            [
              3.2665,
              42.545
            ],
            [
              3.2670000000000003,
              42.545500000000004
            ],
            [
              3.2675,
              42.546
            ],
            [
              3.2675,
              42.547
            ],
            [
              3.2675,
              42.548
            ],
            [
              3.2680000000000002,
              42.548500000000004
            ],
            [
              3.2685000000000004,
              42.549
            ],
            [
              3.2685000000000004,
              42.55
            ],
            [
              3.2680000000000002,
              42.5505
            ],
            [
              3.2670000000000003,
              42.5505
            ],
            [
              3.2665,
              42.551
            ],
            [
              3.266,
              42.551500000000004
            ],
            [
              3.265,
              42.551500000000004
            ],
            [
              3.2645,
              42.552
            ],
            [
              3.2640000000000002,
              42.552499999999995
            ],
            [
              3.2635000000000005,
              42.553
            ],
            [
              3.2635000000000005,
              42.554
            ],
            [
              3.2635000000000005,
              42.555
            ],
            [
              3.2640000000000002,
              42.555499999999995
            ],
            [
              3.2645,
              42.556
            ],
            [
              3.2645,
              42.557
            ],
            [
              3.2645,
              42.558
            ],
            [
              3.2645,
              42.559
            ],
            [
              3.2645,
              42.56
            ],
            [
              3.2645,
              42.561
            ],
            [
              3.2645,
              42.562
            ],
            [
              3.265,
              42.5625
            ],
            [
              3.2655000000000003,
              42.563
            ],
            [
              3.266,
              42.563500000000005
            ],
            [
              3.2670000000000003,
              42.563500000000005
            ],
            [
              3.2680000000000002,
              42.563500000000005
            ],
            [
              3.2685000000000004,
              42.563
            ],
            [
              3.269,
              42.5625
            ],
            [
              3.2695,
              42.562
            ],
            [
              3.27,
              42.561499999999995
            ],
            [
              3.2705,
              42.561
            ],
            [
              3.2710000000000004,
              42.560500000000005
            ],
            [
              3.2720000000000002,
              42.560500000000005
            ],
            [
              3.2725,
              42.56
            ],
            [
              3.273,
              42.5595
            ],
            [
              3.2735000000000003,
              42.559
            ],
            [
              3.274,
              42.558499999999995
            ],
            [
              3.2750000000000004,
              42.558499999999995
            ],
            [
              3.2760000000000002,
              42.558499999999995
            ],
            [
              3.277,
              42.558499999999995
            ],
            [
              3.278,
              42.558499999999995
            ],
            [
              3.2785,
              42.559
            ],
            [
              3.2785,
              42.56
            ],
            [
              3.2790000000000004,
              42.560500000000005
            ],
            [
              3.2795000000000005,
              42.561
            ],
            [
              3.2795000000000005,
              42.562
            ],
            [
              3.2800000000000002,
              42.5625
            ],
            [
              3.2805,
              42.563
            ],
            [
              3.281,
              42.563500000000005
            ],
            [
              3.2815000000000003,
              42.564
            ],
            [
              3.282,
              42.564499999999995
            ],
            [
              3.2830000000000004,
              42.564499999999995
            ],
            [
              3.2835,
              42.565
            ],
            [
              3.2840000000000003,
              42.5655
            ],
            [
              3.2845000000000004,
              42.566
            ],
            [
              3.2845000000000004,
              42.567
            ],
            [
              3.2845000000000004,
              42.568
            ],
            [
              3.2840000000000003,
              42.5685
            ],
            [
              3.2830000000000004,
              42.5685
            ],
            [
              3.282,
              42.5685
            ],
            [
              3.281,
              42.5685
            ],
            [
              3.2805,
              42.569
            ],
            [
              3.2800000000000002,
              42.569500000000005
            ],
            [
              3.2795000000000005,
              42.57
            ],
            [
              3.2795000000000005,
              42.571
            ],
            [
              3.2795000000000005,
              42.572
            ],
            [
              3.2790000000000004,
              42.572500000000005
            ],
            [
              3.278,
              42.572500000000005
            ],
            [
              3.277,
              42.572500000000005
            ],
            [
              3.2760000000000002,
              42.572500000000005
            ],
            [
              3.2755,
              42.572
            ],
            [
              3.2750000000000004,
              42.5715
            ],
            [
              3.2745,
              42.571
            ],
            [
              3.274,
              42.570499999999996
            ],
            [
              3.2735000000000003,
              42.57
            ],
            [
              3.273,
              42.569500000000005
            ],
            [
              3.2720000000000002,
              42.569500000000005
            ],
            [
              3.2715000000000005,
              42.569
            ],
            [
              3.2710000000000004,
              42.5685
            ],
            [
              3.27,
              42.5685
            ],
            [
              3.2695,
              42.569
            ],
            [
              3.2695,
              42.57
            ],
            [
              3.2695,
              42.571
            ],
            [
              3.2695,
              42.572
            ],
            [
              3.27,
              42.572500000000005
            ],
            [
              3.2705,
              42.573
            ],
            [
              3.2705,
              42.574
            ],
            [
              3.2710000000000004,
              42.5745
            ],
            [
              3.2715000000000005,
              42.575
            ],
            [
              3.2720000000000002,
              42.575500000000005
            ],
            [
              3.2725,
              42.576
            ],
            [
              3.273,
              42.576499999999996
            ],
            [
              3.2735000000000003,
              42.577
            ],
            [
              3.274,
              42.5775
            ],
            [
              3.2745,
              42.578
            ],
            [
              3.2750000000000004,
              42.578500000000005
            ],
            [
              3.2755,
              42.579
            ],
            [
              3.2755,
              42.58
            ],
            [
              3.2750000000000004,
              42.5805
            ],
            [
              3.2745,
              42.581
            ],
            [
              3.274,
              42.581500000000005
            ],
            [
              3.273,
              42.581500000000005
            ],
            [
              3.2725,
              42.582
            ],
            [
              3.2720000000000002,
              42.582499999999996
            ],
            [
              3.2710000000000004,
              42.582499999999996
            ],
            [
              3.2705,
              42.583
            ],
            [
              3.27,
              42.5835
            ],
            [
              3.2695,
              42.584
            ],
            [
              3.269,
              42.584500000000006
            ],
            [
              3.2685000000000004,
              42.585
            ],
            [
              3.2680000000000002,
              42.585499999999996
            ],
            [
              3.2675,
              42.586
            ],
            [
              3.2675,
              42.587
            ],
            [
              3.2670000000000003,
              42.587500000000006
            ],
            [
              3.2665,
              42.588
            ],
            [
              3.2665,
              42.589
            ],
            [
              3.2665,
              42.59
            ],
            [
              3.2665,
              42.591
            ],
            [
              3.266,
              42.591499999999996
            ],
            [
              3.2655000000000003,
              42.592
            ],
            [
              3.265,
              42.5925
            ],
            [
              3.2640000000000002,
              42.5925
            ],
            [
              3.2635000000000005,
              42.593
            ],
            [
              3.2630000000000003,
              42.593500000000006
            ],
            [
              3.262,
              42.593500000000006
            ],
            [
              3.2615,
              42.594
            ],
            [
              3.261,
              42.5945
            ],
            [
              3.2605000000000004,
              42.595
            ],
            [
              3.2605000000000004,
              42.596000000000004
            ],
            [
              3.2605000000000004,
              42.597
            ],
            [
              3.2605000000000004,
              42.598
            ],
            [
              3.2605000000000004,
              42.599000000000004
            ],
            [
              3.2605000000000004,
              42.6
            ],
            [
              3.2600000000000002,
              42.6005
            ],
            [
              3.2595,
              42.601
            ],
            [
              3.2590000000000003,
              42.6015
            ],
            [
              3.258,
              42.6015
            ],
            [
              3.2575000000000003,
              42.602000000000004
            ],
            [
              3.257,
              42.602500000000006
            ],
            [
              3.2565,
              42.603
            ],
            [
              3.2560000000000002,
              42.6035
            ],
            [
              3.2555000000000005,
              42.604
            ],
            [
              3.2555000000000005,
              42.605000000000004
            ],
            [
              3.2550000000000003,
              42.605500000000006
            ],
            [
              3.2545,
              42.606
            ],
            [
              3.2545,
              42.607
            ],
            [
              3.254,
              42.6075
            ],
            [
              3.2535,
              42.608
            ],
            [
              3.2535,
              42.609
            ],
            [
              3.2535,
              42.61
            ],
            [
              3.254,
              42.6105
            ],
            [
              3.2545,
              42.611
            ],
            [
              3.2545,
              42.612
            ],
            [
              3.2550000000000003,
              42.6125
            ],
            [
              3.2555000000000005,
              42.613
            ],
            [
              3.2560000000000002,
              42.6135
            ],
            [
              3.2565,
              42.614
            ],
            [
              3.2565,
              42.615
            ],
            [
              3.257,
              42.6155
            ],
            [
              3.2575000000000003,
              42.616
            ],
            [
              3.258,
              42.6165
            ],
            [
              3.2585,
              42.617
            ],
            [
              3.2590000000000003,
              42.6175
            ],
            [
              3.2600000000000002,
              42.6175
            ],
            [
              3.2605000000000004,
              42.617
            ],
            [
              3.261,
              42.6165
            ],
            [
              3.262,
              42.6165
            ],
            [
              3.2625,
              42.616
            ],
            [
              3.2630000000000003,
              42.6155
            ],
            [
              3.2635000000000005,
              42.615
            ],
            [
              3.2640000000000002,
              42.6145
            ],
            [
              3.2645,
              42.614
            ],
            [
              3.265,
              42.6135
            ],
            [
              3.266,
              42.6135
            ],
            [
              3.2665,
              42.613
            ],
            [
              3.2670000000000003,
              42.6125
            ],
            [
              3.2675,
              42.612
            ],
            [
              3.2680000000000002,
              42.6115
            ],
            [
              3.269,
              42.6115
            ],
            [
              3.2695,
              42.611
            ],
            [
              3.27,
              42.6105
            ],
            [
              3.2705,
              42.61
            ],
            [
              3.2705,
              42.609
            ],
            [
              3.2710000000000004,
              42.6085
            ],
            [
              3.2715000000000005,
              42.608
            ],
            [
              3.2720000000000002,
              42.6075
            ],
            [
              3.273,
              42.6075
            ],
            [
              3.2735000000000003,
              42.607
            ],
            [
              3.274,
              42.6065
            ],
            [
              3.2750000000000004,
              42.6065
            ],
            [
              3.2760000000000002,
              42.6065
            ],
            [
              3.277,
              42.6065
            ],
            [
              3.278,
              42.6065
            ],
            [
              3.2785,
              42.606
            ],
            [
              3.2790000000000004,
              42.605500000000006
            ],
            [
              3.2795000000000005,
              42.606
            ],
            [
              3.2795000000000005,
              42.607
            ],
            [
              3.2795000000000005,
              42.608
            ],
            [
              3.2795000000000005,
              42.609
            ],
            [
              3.2795000000000005,
              42.61
            ],
            [
              3.2795000000000005,
              42.611
            ],
            [
              3.2800000000000002,
              42.6115
            ],
            [
              3.2805,
              42.612
            ],
            [
              3.2805,
              42.613
            ],
            [
              3.281,
              42.6135
            ],
            [
              3.2815000000000003,
              42.614
            ],
            [
              3.2815000000000003,
              42.615
            ],
            [
              3.2815000000000003,
              42.616
            ],
            [
              3.2815000000000003,
              42.617
            ],
            [
              3.2815000000000003,
              42.618
            ],
            [
              3.2815000000000003,
              42.619
            ],
            [
              3.281,
              42.6195
            ],
            [
              3.2805,
              42.62
            ],
            [
              3.2800000000000002,
              42.6205
            ],
            [
              3.2795000000000005,
              42.621
            ],
            [
              3.2795000000000005,
              42.622
            ],
            [
              3.2795000000000005,
              42.623
            ],
            [
              3.2795000000000005,
              42.624
            ],
            [
              3.2795000000000005,
              42.625
            ],
            [
              3.2795000000000005,
              42.626
            ],
            [
              3.2795000000000005,
              42.627
            ],
            [
              3.2795000000000005,
              42.628
            ],
            [
              3.2795000000000005,
              42.629
            ],
            [
              3.2790000000000004,
              42.6295
            ],
            [
              3.2785,
              42.63
            ],
            [
              3.278,
              42.6305
            ],
            [
              3.2775,
              42.631
            ],
            [
              3.277,
              42.6315
            ],
            [
              3.2760000000000002,
              42.6315
            ],
            [
              3.2750000000000004,
              42.6315
            ],
            [
              3.274,
              42.6315
            ],
            [
              3.273,
              42.6315
            ],
            [
              3.2725,
              42.631
            ],
            [
              3.2720000000000002,
              42.6305
            ],
            [
              3.2715000000000005,
              42.63
            ],
            [
              3.2715000000000005,
              42.629
            ],
            [
              3.2710000000000004,
              42.6285
            ],
            [
              3.2705,
              42.628
            ],
            [
              3.2705,
              42.627
            ],
            [
              3.27,
              42.6265
            ],
            [
              3.2695,
              42.626
            ],
            [
              3.269,
              42.6255
            ],
            [
              3.2685000000000004,
              42.625
            ],
            [
              3.2680000000000002,
              42.6245
            ],
            [
              3.2670000000000003,
              42.6245
            ],
            [
              3.2665,
              42.624
            ],
            [
              3.266,
              42.6235
            ],
            [
              3.265,
              42.6235
            ],
            [
              3.2640000000000002,
              42.6235
            ],
            [
              3.2630000000000003,
              42.6235
            ],
            [
              3.262,
              42.6235
            ],
            [
              3.2615,
              42.624
            ],
            [
              3.261,
              42.6245
            ],
            [
              3.2605000000000004,
              42.625
            ],
            [
              3.2605000000000004,
              42.626
            ],
            [
              3.2600000000000002,
              42.6265
            ],
            [
              3.2595,
              42.627
            ],
            [
              3.2595,
              42.628
            ],
            [
              3.2600000000000002,
              42.6285
            ],
            [
              3.2605000000000004,
              42.629
            ],
            [
              3.2605000000000004,
              42.63
            ],
            [
              3.2605000000000004,
              42.631
            ],
            [
              3.261,
              42.6315
            ],
            [
              3.2615,
              42.632
            ],
            [
              3.2615,
              42.633
            ],
            [
              3.262,
              42.6335
            ],
            [
              3.2625,
              42.634
            ],
            [
              3.2630000000000003,
              42.6345
            ],
            [
              3.2635000000000005,
              42.635
            ],
            [
              3.2640000000000002,
              42.6355
            ],
            [
              3.2645,
              42.636
            ],
            [
              3.265,
              42.6365
            ],
            [
              3.2655000000000003,
              42.637
            ],
            [
              3.266,
              42.6375
            ],
            [
              3.2665,
              42.638
            ],
            [
              3.2665,
              42.639
            ],
            [
              3.2665,
              42.64
            ],
            [
              3.2665,
              42.641
            ],
            [
              3.2665,
              42.642
            ],
            [
              3.2665,
              42.643
            ],
            [
              3.266,
              42.6435
            ],
            [
              3.2655000000000003,
              42.644
            ],
            [
              3.2655000000000003,
              42.645
            ],
            [
              3.2655000000000003,
              42.646
            ],
            [
              3.2655000000000003,
              42.647
            ],
            [
              3.266,
              42.6475
            ],
            [
              3.2665,
              42.648
            ],
            [
              3.2665,
              42.649
            ],
            [
              3.2670000000000003,
              42.6495
            ],
            [
              3.2675,
              42.65
            ],
            [
              3.2675,
              42.651
            ],
            [
              3.2680000000000002,
              42.6515
            ],
            [
              3.2685000000000004,
              42.652
            ],
            [
              3.2685000000000004,
              42.653
            ],
            [
              3.269,
              42.6535
            ],
            [
              3.2695,
              42.654
            ],
            [
              3.2695,
              42.655
            ],
            [
              3.27,
              42.6555
            ],
            [
              3.2705,
              42.656
            ],
            [
              3.2710000000000004,
              42.6565
            ],
            [
              3.2715000000000005,
              42.657000000000004
            ],
            [
              3.2720000000000002,
              42.6575
            ],
            [
              3.273,
              42.6575
            ],
            [
              3.2735000000000003,
              42.658
            ],
            [
              3.274,
              42.658500000000004
            ],
            [
              3.2750000000000004,
              42.658500000000004
            ],
            [
              3.2755,
              42.659
            ],
            [
              3.2760000000000002,
              42.6595
            ],
            [
              3.277,
              42.6595
            ],
            [
              3.2775,
              42.660000000000004
            ],
            [
              3.2775,
              42.661
            ],
            [
              3.2775,
              42.662
            ],
            [
              3.277,
              42.6625
            ],
            [
              3.2765000000000004,
              42.663000000000004
            ],
            [
              3.2760000000000002,
              42.6635
            ],
            [
              3.2750000000000004,
              42.6635
            ],
            [
              3.274,
              42.6635
            ],
            [
              3.2735000000000003,
              42.664
            ],
            [
              3.2735000000000003,
              42.665
            ],
            [
              3.274,
              42.6655
            ],
            [
              3.2745,
              42.666000000000004
            ],
            [
              3.2750000000000004,
              42.6665
            ],
            [
              3.2755,
              42.667
            ],
            [
              3.2760000000000002,
              42.667500000000004
            ],
            [
              3.2765000000000004,
              42.668
            ],
            [
              3.277,
              42.668499999999995
            ],
            [
              3.278,
              42.668499999999995
            ],
            [
              3.2785,
              42.669
            ],
            [
              3.2790000000000004,
              42.6695
            ],
            [
              3.2800000000000002,
              42.6695
            ],
            [
              3.2805,
              42.67
            ],
            [
              3.281,
              42.670500000000004
            ],
            [
              3.2815000000000003,
              42.671
            ],
            [
              3.282,
              42.671499999999995
            ],
            [
              3.2825,
              42.672
            ],
            [
              3.2830000000000004,
              42.6725
            ],
            [
              3.2835,
              42.673
            ],
            [
              3.2840000000000003,
              42.673500000000004
            ],
            [
              3.2845000000000004,
              42.674
            ],
            [
              3.2845000000000004,
              42.675
            ],
            [
              3.2845000000000004,
              42.676
            ],
            [
              3.2845000000000004,
              42.677
            ],
            [
              3.2845000000000004,
              42.678
            ],
            [
              3.2840000000000003,
              42.6785
            ],
            [
              3.2835,
              42.679
            ],
            [
              3.2835,
              42.68
            ],
            [
              3.2835,
              42.681
            ],
            [
              3.2830000000000004,
              42.6815
            ],
            [
              3.2825,
              42.682
            ],
            [
              3.2825,
              42.683
            ],
            [
              3.2825,
              42.684
            ],
            [
              3.282,
              42.6845
            ],
            [
              3.2815000000000003,
              42.685
            ],
            [
              3.2815000000000003,
              42.686
            ],
            [
              3.2815000000000003,
              42.687
            ],
            [
              3.2815000000000003,
              42.688
            ],
            [
              3.2815000000000003,
              42.689
            ],
            [
              3.2815000000000003,
              42.69
            ],
            [
              3.281,
              42.6905
            ],
            [
              3.2805,
              42.691
            ],
            [
              3.2805,
              42.692
            ],
            [
              3.2800000000000002,
              42.692499999999995
            ],
            [
              3.2795000000000005,
              42.693
            ],
            [
              3.2795000000000005,
              42.694
            ],
            [
              3.2795000000000005,
              42.695
            ],
            [
              3.2795000000000005,
              42.696
            ],
            [
              3.2790000000000004,
              42.6965
            ],
            [
              3.2785,
              42.697
            ],
            [
              3.2785,
              42.698
            ],
            [
              3.2785,
              42.699
            ],
            [
              3.2785,
              42.7
            ],
            [
              3.278,
              42.700500000000005
            ],
            [
              3.2775,
              42.701
            ],
            [
              3.2775,
              42.702
            ],
            [
              3.2775,
              42.703
            ],
            [
              3.278,
              42.703500000000005
            ],
            [
              3.2785,
              42.704
            ],
            [
              3.2785,
              42.705
            ],
            [
              3.2790000000000004,
              42.7055
            ],
            [
              3.2795000000000005,
              42.706
            ],
            [
              3.2795000000000005,
              42.707
            ],
            [
              3.2795000000000005,
              42.708
            ],
            [
              3.2800000000000002,
              42.7085
            ],
            [
              3.2805,
              42.709
            ],
            [
              3.2805,
              42.71
            ],
            [
              3.281,
              42.710499999999996
            ],
            [
              3.282,
              42.710499999999996
            ],
            [
              3.2825,
              42.711
            ],
            [
              3.2830000000000004,
              42.7115
            ],
            [
              3.2840000000000003,
              42.7115
            ],
            [
              3.285,
              42.7115
            ],
            [
              3.2855,
              42.712
            ],
            [
              3.286,
              42.712500000000006
            ],
            [
              3.2870000000000004,
              42.712500000000006
            ],
            [
              3.2880000000000003,
              42.712500000000006
            ],
            [
              3.2885,
              42.713
            ],
            [
              3.289,
              42.713499999999996
            ],
            [
              3.29,
              42.713499999999996
            ],
            [
              3.2910000000000004,
              42.713499999999996
            ],
            [
              3.2920000000000003,
              42.713499999999996
            ],
            [
              3.293,
              42.713499999999996
            ],
            [
              3.294,
              42.713499999999996
            ],
            [
              3.2950000000000004,
              42.713499999999996
            ],
            [
              3.2960000000000003,
              42.713499999999996
            ],
            [
              3.297,
              42.713499999999996
            ],
            [
              3.298,
              42.713499999999996
            ],
            [
              3.2985,
              42.714
            ],
            [
              3.2990000000000004,
              42.7145
            ],
            [
              3.3000000000000003,
              42.7145
            ],
            [
              3.301,
              42.7145
            ],
            [
              3.3015,
              42.715
            ],
            [
              3.302,
              42.715500000000006
            ],
            [
              3.3030000000000004,
              42.715500000000006
            ],
            [
              3.3035000000000005,
              42.716
            ],
            [
              3.3040000000000003,
              42.716499999999996
            ],
            [
              3.305,
              42.716499999999996
            ],
            [
              3.306,
              42.716499999999996
            ],
            [
              3.3070000000000004,
              42.716499999999996
            ],
            [
              3.3080000000000003,
              42.716499999999996
            ],
            [
              3.309,
              42.716499999999996
            ],
            [
              3.31,
              42.716499999999996
            ],
            [
              3.3110000000000004,
              42.716499999999996
            ],
            [
              3.3120000000000003,
              42.716499999999996
            ],
            [
              3.3125,
              42.717
            ],
            [
              3.313,
              42.7175
            ],
            [
              3.3135000000000003,
              42.718
            ],
            [
              3.314,
              42.718500000000006
            ],
            [
              3.3145000000000002,
              42.719
            ],
            [
              3.3145000000000002,
              42.72
            ],
            [
              3.3150000000000004,
              42.7205
            ],
            [
              3.3160000000000003,
              42.7205
            ],
            [
              3.3165000000000004,
              42.721000000000004
            ],
            [
              3.317,
              42.721500000000006
            ],
            [
              3.318,
              42.721500000000006
            ],
            [
              3.319,
              42.721500000000006
            ],
            [
              3.3195,
              42.721000000000004
            ],
            [
              3.3200000000000003,
              42.7205
            ],
            [
              3.3205,
              42.72
            ],
            [
              3.3205,
              42.719
            ],
            [
              3.3205,
              42.718
            ],
            [
              3.321,
              42.7175
            ],
            [
              3.3215000000000003,
              42.717
            ],
            [
              3.322,
              42.716499999999996
            ],
            [
              3.3225000000000002,
              42.716
            ],
            [
              3.3230000000000004,
              42.715500000000006
            ],
            [
              3.3235,
              42.715
            ],
            [
              3.3240000000000003,
              42.7145
            ],
            [
              3.325,
              42.7145
            ],
            [
              3.3255,
              42.714
            ],
            [
              3.326,
              42.713499999999996
            ],
            [
              3.327,
              42.713499999999996
            ],
            [
              3.3275,
              42.713
            ],
            [
              3.3275,
              42.712
            ],
            [
              3.3280000000000003,
              42.7115
            ],
            [
              3.3285,
              42.711
            ],
            [
              3.3285,
              42.71
            ],
            [
              3.3285,
              42.709
            ],
            [
              3.3285,
              42.708
            ],
            [
              3.3285,
              42.707
            ],
            [
              3.3280000000000003,
              42.706500000000005
            ],
            [
              3.3275,
              42.706
            ],
            [
              3.327,
              42.7055
            ],
            [
              3.3265000000000002,
              42.705
            ],
            [
              3.3265000000000002,
              42.704
            ],
            [
              3.3265000000000002,
              42.703
            ],
            [
              3.3265000000000002,
              42.702
            ],
            [
              3.327,
              42.701499999999996
            ],
            [
              3.3275,
              42.701
            ],
            [
              3.3280000000000003,
              42.700500000000005
            ],
            [
              3.329,
              42.700500000000005
            ],
            [
              3.33,
              42.700500000000005
            ],
            [
              3.3305000000000002,
              42.7
            ],
            [
              3.3310000000000004,
              42.6995
            ],
            [
              3.3320000000000003,
              42.6995
            ],
            [
              3.3325000000000005,
              42.699
            ],
            [
              3.333,
              42.698499999999996
            ],
            [
              3.3335,
              42.698
            ],
            [
              3.334,
              42.697500000000005
            ],
            [
              3.3345000000000002,
              42.697
            ],
            [
              3.335,
              42.6965
            ],
            [
              3.3360000000000003,
              42.6965
            ],
            [
              3.3365,
              42.696
            ],
            [
              3.337,
              42.695499999999996
            ],
            [
              3.338,
              42.695499999999996
            ],
            [
              3.3390000000000004,
              42.695499999999996
            ],
            [
              3.3400000000000003,
              42.695499999999996
            ],
            [
              3.341,
              42.695499999999996
            ],
            [
              3.3415,
              42.696
            ],
            [
              3.342,
              42.6965
            ],
            [
              3.343,
              42.6965
            ],
            [
              3.3435,
              42.696
            ],
            [
              3.3440000000000003,
              42.695499999999996
            ],
            [
              3.3445,
              42.695
            ],
            [
              3.3445,
              42.694
            ],
            [
              3.3440000000000003,
              42.6935
            ],
            [
              3.343,
              42.6935
            ],
            [
              3.3425000000000002,
              42.693
            ],
            [
              3.342,
              42.692499999999995
            ],
            [
              3.341,
              42.692499999999995
            ],
            [
              3.3405000000000005,
              42.692
            ],
            [
              3.3405000000000005,
              42.691
            ],
            [
              3.341,
              42.6905
            ],
            [
              3.342,
              42.6905
            ],
            [
              3.343,
              42.6905
            ],
            [
              3.3435,
              42.69
            ],
            [
              3.3440000000000003,
              42.689499999999995
            ],
            [
              3.345,
              42.689499999999995
            ],
            [
              3.3455000000000004,
              42.689
            ],
            [
              3.3455000000000004,
              42.688
            ],
            [
              3.3455000000000004,
              42.687
            ],
            [
              3.3455000000000004,
              42.686
            ],
            [
              3.3455000000000004,
              42.685
            ],
            [
              3.3455000000000004,
              42.684
            ],
            [
              3.346,
              42.683499999999995
            ],
            [
              3.3470000000000004,
              42.683499999999995
            ],
            [
              3.3475,
              42.683
            ],
            [
              3.3480000000000003,
              42.682500000000005
            ],
            [
              3.349,
              42.682500000000005
            ],
            [
              3.3495,
              42.682
            ],
            [
              3.35,
              42.6815
            ],
            [
              3.351,
              42.6815
            ],
            [
              3.3515,
              42.681
            ],
            [
              3.3520000000000003,
              42.680499999999995
            ],
            [
              3.353,
              42.680499999999995
            ],
            [
              3.3535000000000004,
              42.681
            ],
            [
              3.354,
              42.6815
            ],
            [
              3.3545000000000003,
              42.682
            ],
            [
              3.3550000000000004,
              42.682500000000005
            ],
            [
              3.3555,
              42.683
            ],
            [
              3.3560000000000003,
              42.683499999999995
            ],
            [
              3.3565000000000005,
              42.684
            ],
            [
              3.3565000000000005,
              42.685
            ],
            [
              3.357,
              42.685500000000005
            ],
            [
              3.3575,
              42.686
            ],
            [
              3.3575,
              42.687
            ],
            [
              3.357,
              42.6875
            ],
            [
              3.3565000000000005,
              42.688
            ],
            [
              3.3565000000000005,
              42.689
            ],
            [
              3.3565000000000005,
              42.69
            ],
            [
              3.3565000000000005,
              42.691
            ],
            [
              3.3565000000000005,
              42.692
            ],
            [
              3.3560000000000003,
              42.692499999999995
            ],
            [
              3.3555,
              42.693
            ],
            [
              3.3550000000000004,
              42.6935
            ],
            [
              3.354,
              42.6935
            ],
            [
              3.353,
              42.6935
            ],
            [
              3.3525,
              42.694
            ],
            [
              3.3520000000000003,
              42.694500000000005
            ],
            [
              3.351,
              42.694500000000005
            ],
            [
              3.3505000000000003,
              42.695
            ],
            [
              3.3505000000000003,
              42.696
            ],
            [
              3.3505000000000003,
              42.697
            ],
            [
              3.351,
              42.697500000000005
            ],
            [
              3.3520000000000003,
              42.697500000000005
            ],
            [
              3.3525,
              42.698
            ],
            [
              3.353,
              42.698499999999996
            ],
            [
              3.354,
              42.698499999999996
            ],
            [
              3.3550000000000004,
              42.698499999999996
            ],
            [
              3.3560000000000003,
              42.698499999999996
            ],
            [
              3.3565000000000005,
              42.699
            ],
            [
              3.357,
              42.6995
            ],
            [
              3.3575,
              42.7
            ],
            [
              3.3575,
              42.701
            ],
            [
              3.3575,
              42.702
            ],
            [
              3.357,
              42.7025
            ],
            [
              3.3565000000000005,
              42.703
            ],
            [
              3.3560000000000003,
              42.703500000000005
            ],
            [
              3.3555,
              42.704
            ],
            [
              3.3550000000000004,
              42.704499999999996
            ],
            [
              3.354,
              42.704499999999996
            ],
            [
              3.353,
              42.704499999999996
            ],
            [
              3.3520000000000003,
              42.704499999999996
            ],
            [
              3.351,
              42.704499999999996
            ],
            [
              3.35,
              42.704499999999996
            ],
            [
              3.3495,
              42.704
            ],
            [
              3.349,
              42.703500000000005
            ],
            [
              3.3480000000000003,
              42.703500000000005
            ],
            [
              3.3470000000000004,
              42.703500000000005
            ],
            [
              3.346,
              42.703500000000005
            ],
            [
              3.3455000000000004,
              42.703
            ],
            [
              3.345,
              42.7025
            ],
            [
              3.3440000000000003,
              42.7025
            ],
            [
              3.343,
              42.7025
            ],
            [
              3.342,
              42.7025
            ],
            [
              3.3415,
              42.703
            ],
            [
              3.3415,
              42.704
            ],
            [
              3.342,
              42.704499999999996
            ],
            [
              3.3425000000000002,
              42.705
            ],
            [
              3.343,
              42.7055
            ],
            [
              3.3435,
              42.706
            ],
            [
              3.3440000000000003,
              42.706500000000005
            ],
            [
              3.3445,
              42.707
            ],
            [
              3.345,
              42.707499999999996
            ],
            [
              3.3455000000000004,
              42.708
            ],
            [
              3.3455000000000004,
              42.709
            ],
            [
              3.345,
              42.709500000000006
            ],
            [
              3.3440000000000003,
              42.709500000000006
            ],
            [
              3.343,
              42.709500000000006
            ],
            [
              3.342,
              42.709500000000006
            ],
            [
              3.3415,
              42.71
            ],
            [
              3.341,
              42.710499999999996
            ],
            [
              3.3400000000000003,
              42.710499999999996
            ],
            [
              3.3390000000000004,
              42.710499999999996
            ],
            [
              3.338,
              42.710499999999996
            ],
            [
              3.337,
              42.710499999999996
            ],
            [
              3.3365,
              42.711
            ],
            [
              3.3360000000000003,
              42.7115
            ],
            [
              3.3355,
              42.712
            ],
            [
              3.3360000000000003,
              42.712500000000006
            ],
            [
              3.3365,
              42.713
            ],
            [
              3.3365,
              42.714
            ],
            [
              3.3360000000000003,
              42.7145
            ],
            [
              3.3355,
              42.715
            ],
            [
              3.335,
              42.715500000000006
            ],
            [
              3.334,
              42.715500000000006
            ],
            [
              3.3335,
              42.716
            ],
            [
              3.3335,
              42.717
            ],
            [
              3.3335,
              42.718
            ],
            [
              3.3335,
              42.719
            ],
            [
              3.334,
              42.7195
            ],
            [
              3.3345000000000002,
              42.72
            ],
            [
              3.3345000000000002,
              42.721000000000004
            ],
            [
              3.335,
              42.721500000000006
            ],
            [
              3.3355,
              42.722
            ],
            [
              3.3355,
              42.723
            ],
            [
              3.3355,
              42.724000000000004
            ],
            [
              3.3355,
              42.725
            ],
            [
              3.335,
              42.7255
            ],
            [
              3.3345000000000002,
              42.726
            ],
            [
              3.334,
              42.7265
            ],
            [
              3.3335,
              42.727000000000004
            ],
            [
              3.3335,
              42.728
            ],
            [
              3.334,
              42.7285
            ],
            [
              3.3345000000000002,
              42.729
            ],
            [
              3.3345000000000002,
              42.730000000000004
            ],
            [
              3.3345000000000002,
              42.731
            ],
            [
              3.335,
              42.7315
            ],
            [
              3.3355,
              42.732
            ],
            [
              3.3355,
              42.733000000000004
            ],
            [
              3.3360000000000003,
              42.73350000000001
            ],
            [
              3.3365,
              42.734
            ],
            [
              3.3365,
              42.735
            ],
            [
              3.3365,
              42.736
            ],
            [
              3.337,
              42.7365
            ],
            [
              3.3375000000000004,
              42.737
            ],
            [
              3.3375000000000004,
              42.738
            ],
            [
              3.3375000000000004,
              42.739
            ],
            [
              3.3375000000000004,
              42.74
            ],
            [
              3.3375000000000004,
              42.741
            ],
            [
              3.338,
              42.7415
            ],
            [
              3.3385000000000002,
              42.742
            ],
            [
              3.3385000000000002,
              42.743
            ],
            [
              3.3385000000000002,
              42.744
            ],
            [
              3.3390000000000004,
              42.7445
            ],
            [
              3.3395,
              42.745
            ],
            [
              3.3395,
              42.746
            ],
            [
              3.3400000000000003,
              42.7465
            ],
            [
              3.3405000000000005,
              42.747
            ],
            [
              3.3405000000000005,
              42.748
            ],
            [
              3.341,
              42.7485
            ],
            [
              3.3415,
              42.749
            ],
            [
              3.342,
              42.7495
            ],
            [
              3.3425000000000002,
              42.75
            ],
            [
              3.3425000000000002,
              42.751
            ],
            [
              3.343,
              42.7515
            ],
            [
              3.3435,
              42.752
            ],
            [
              3.3435,
              42.753
            ],
            [
              3.3435,
              42.754
            ],
            [
              3.3435,
              42.755
            ],
            [
              3.343,
              42.7555
            ],
            [
              3.3425000000000002,
              42.756
            ],
            [
              3.342,
              42.7565
            ],
            [
              3.3415,
              42.757
            ],
            [
              3.3415,
              42.758
            ],
            [
              3.3415,
              42.759
            ],
            [
              3.3415,
              42.76
            ],
            [
              3.342,
              42.7605
            ],
            [
              3.343,
              42.7605
            ],
            [
              3.3440000000000003,
              42.7605
            ],
            [
              3.345,
              42.7605
            ],
            [
              3.346,
              42.7605
            ],
            [
              3.3470000000000004,
              42.7605
            ],
            [
              3.3480000000000003,
              42.7605
            ],
            [
              3.349,
              42.7605
            ],
            [
              3.3495,
              42.761
            ],
            [
              3.35,
              42.7615
            ],
            [
              3.3505000000000003,
              42.762
            ],
            [
              3.351,
              42.7625
            ],
            [
              3.3520000000000003,
              42.7625
            ],
            [
              3.353,
              42.7625
            ],
            [
              3.3535000000000004,
              42.763
            ],
            [
              3.354,
              42.7635
            ],
            [
              3.3550000000000004,
              42.7635
            ],
            [
              3.3555,
              42.764
            ],
            [
              3.3560000000000003,
              42.7645
            ],
            [
              3.3565000000000005,
              42.765
            ],
            [
              3.3565000000000005,
              42.766
            ],
            [
              3.3565000000000005,
              42.767
            ],
            [
              3.3565000000000005,
              42.768
            ],
            [
              3.3560000000000003,
              42.7685
            ],
            [
              3.3555,
              42.769
            ],
            [
              3.3550000000000004,
              42.7695
            ],
            [
              3.354,
              42.7695
            ],
            [
              3.3535000000000004,
              42.77
            ],
            [
              3.353,
              42.7705
            ],
            [
              3.3525,
              42.771
            ],
            [
              3.3525,
              42.772
            ],
            [
              3.3525,
              42.773
            ],
            [
              3.353,
              42.7735
            ],
            [
              3.3535000000000004,
              42.774
            ],
            [
              3.354,
              42.7745
            ],
            [
              3.3550000000000004,
              42.7745
            ],
            [
              3.3555,
              42.775
            ],
            [
              3.3560000000000003,
              42.7755
            ],
            [
              3.3565000000000005,
              42.776
            ],
            [
              3.357,
              42.7765
            ],
            [
              3.358,
              42.7765
            ],
            [
              3.3585000000000003,
              42.777
            ],
            [
              3.359,
              42.7775
            ],
            [
              3.3595,
              42.778
            ],
            [
              3.3600000000000003,
              42.7785
            ],
            [
              3.3605,
              42.779
            ],
            [
              3.361,
              42.7795
            ],
            [
              3.362,
              42.7795
            ],
            [
              3.3625000000000003,
              42.78
            ],
            [
              3.3630000000000004,
              42.7805
            ],
            [
              3.3640000000000003,
              42.7805
            ],
            [
              3.365,
              42.7805
            ],
            [
              3.366,
              42.7805
            ],
            [
              3.3665000000000003,
              42.781
            ],
            [
              3.367,
              42.7815
            ],
            [
              3.3675,
              42.782000000000004
            ],
            [
              3.3675,
              42.783
            ],
            [
              3.3675,
              42.784
            ],
            [
              3.3675,
              42.785000000000004
            ],
            [
              3.367,
              42.7855
            ],
            [
              3.3665000000000003,
              42.786
            ],
            [
              3.3665000000000003,
              42.787
            ],
            [
              3.367,
              42.7875
            ],
            [
              3.3675,
              42.788000000000004
            ],
            [
              3.3675,
              42.789
            ],
            [
              3.3680000000000003,
              42.789500000000004
            ],
            [
              3.3685,
              42.79
            ],
            [
              3.3685,
              42.791
            ],
            [
              3.3685,
              42.792
            ],
            [
              3.3685,
              42.793
            ],
            [
              3.3685,
              42.794
            ],
            [
              3.3685,
              42.795
            ],
            [
              3.3685,
              42.796
            ],
            [
              3.3685,
              42.797
            ],
            [
              3.3685,
              42.798
            ],
            [
              3.369,
              42.798500000000004
            ],
            [
              3.3695000000000004,
              42.799
            ],
            [
              3.3695000000000004,
              42.8
            ],
            [
              3.37,
              42.8005
            ],
            [
              3.3710000000000004,
              42.8005
            ],
            [
              3.3715,
              42.801
            ],
            [
              3.3715,
              42.802
            ],
            [
              3.3720000000000003,
              42.802499999999995
            ],
            [
              3.3725000000000005,
              42.803
            ],
            [
              3.3725000000000005,
              42.804
            ],
            [
              3.3725000000000005,
              42.805
            ],
            [
              3.3725000000000005,
              42.806
            ],
            [
              3.3725000000000005,
              42.807
            ],
            [
              3.3720000000000003,
              42.807500000000005
            ],
            [
              3.3715,
              42.808
            ],
            [
              3.3715,
              42.809
            ],
            [
              3.3715,
              42.81
            ],
            [
              3.3710000000000004,
              42.810500000000005
            ],
            [
              3.3705000000000003,
              42.811
            ],
            [
              3.3705000000000003,
              42.812
            ],
            [
              3.37,
              42.8125
            ],
            [
              3.3695000000000004,
              42.813
            ],
            [
              3.3695000000000004,
              42.814
            ],
            [
              3.369,
              42.814499999999995
            ],
            [
              3.3685,
              42.815
            ],
            [
              3.3680000000000003,
              42.8155
            ],
            [
              3.3675,
              42.816
            ],
            [
              3.367,
              42.816500000000005
            ],
            [
              3.3665000000000003,
              42.817
            ],
            [
              3.366,
              42.817499999999995
            ],
            [
              3.3655,
              42.818
            ],
            [
              3.3655,
              42.819
            ],
            [
              3.366,
              42.819500000000005
            ],
            [
              3.3665000000000003,
              42.82
            ],
            [
              3.367,
              42.820499999999996
            ],
            [
              3.3675,
              42.821
            ],
            [
              3.3675,
              42.822
            ],
            [
              3.3675,
              42.823
            ],
            [
              3.3675,
              42.824
            ],
            [
              3.3675,
              42.825
            ],
            [
              3.3675,
              42.826
            ],
            [
              3.367,
              42.826499999999996
            ],
            [
              3.3665000000000003,
              42.827
            ],
            [
              3.366,
              42.8275
            ],
            [
              3.3655,
              42.828
            ],
            [
              3.365,
              42.828500000000005
            ],
            [
              3.3645000000000005,
              42.829
            ],
            [
              3.3645000000000005,
              42.83
            ],
            [
              3.3645000000000005,
              42.831
            ],
            [
              3.3645000000000005,
              42.832
            ],
            [
              3.365,
              42.832499999999996
            ],
            [
              3.3655,
              42.833
            ],
            [
              3.3655,
              42.834
            ],
            [
              3.3655,
              42.835
            ],
            [
              3.366,
              42.835499999999996
            ],
            [
              3.3665000000000003,
              42.836
            ],
            [
              3.3665000000000003,
              42.837
            ],
            [
              3.367,
              42.837500000000006
            ],
            [
              3.3675,
              42.838
            ],
            [
              3.3680000000000003,
              42.838499999999996
            ],
            [
              3.369,
              42.838499999999996
            ],
            [
              3.3695000000000004,
              42.839
            ],
            [
              3.37,
              42.8395
            ],
            [
              3.3710000000000004,
              42.8395
            ],
            [
              3.3715,
              42.84
            ],
            [
              3.3720000000000003,
              42.840500000000006
            ],
            [
              3.3725000000000005,
              42.841
            ],
            [
              3.373,
              42.841499999999996
            ],
            [
              3.3735,
              42.842
            ],
            [
              3.373,
              42.8425
            ],
            [
              3.3725000000000005,
              42.843
            ],
            [
              3.3720000000000003,
              42.843500000000006
            ],
            [
              3.3710000000000004,
              42.843500000000006
            ],
            [
              3.37,
              42.843500000000006
            ],
            [
              3.3695000000000004,
              42.844
            ],
            [
              3.369,
              42.8445
            ],
            [
              3.3685,
              42.845
            ],
            [
              3.3685,
              42.846000000000004
            ],
            [
              3.3685,
              42.847
            ],
            [
              3.369,
              42.8475
            ],
            [
              3.3695000000000004,
              42.848
            ],
            [
              3.37,
              42.8485
            ],
            [
              3.3710000000000004,
              42.8485
            ],
            [
              3.3720000000000003,
              42.8485
            ],
            [
              3.3725000000000005,
              42.849000000000004
            ],
            [
              3.373,
              42.849500000000006
            ],
            [
              3.374,
              42.849500000000006
            ],
            [
              3.3745000000000003,
              42.85
            ],
            [
              3.375,
              42.8505
            ],
            [
              3.3760000000000003,
              42.8505
            ],
            [
              3.3770000000000002,
              42.8505
            ],
            [
              3.3775000000000004,
              42.851
            ],
            [
              3.378,
              42.8515
            ],
            [
              3.3785000000000003,
              42.852000000000004
            ],
            [
              3.3790000000000004,
              42.852500000000006
            ],
            [
              3.3795,
              42.853
            ],
            [
              3.3795,
              42.854
            ],
            [
              3.3795,
              42.855000000000004
            ],
            [
              3.3795,
              42.856
            ],
            [
              3.3800000000000003,
              42.8565
            ],
            [
              3.3805000000000005,
              42.857
            ],
            [
              3.3805000000000005,
              42.858000000000004
            ],
            [
              3.3805000000000005,
              42.859
            ],
            [
              3.3810000000000002,
              42.8595
            ],
            [
              3.3815,
              42.86
            ],
            [
              3.3815,
              42.861
            ],
            [
              3.382,
              42.8615
            ],
            [
              3.3825000000000003,
              42.862
            ],
            [
              3.3825000000000003,
              42.863
            ],
            [
              3.383,
              42.8635
            ],
            [
              3.3835,
              42.864
            ],
            [
              3.3835,
              42.865
            ],
            [
              3.3840000000000003,
              42.8655
            ],
            [
              3.3845,
              42.866
            ],
            [
              3.3850000000000002,
              42.8665
            ],
            [
              3.3855000000000004,
              42.867
            ],
            [
              3.3855000000000004,
              42.868
            ],
            [
              3.386,
              42.8685
            ],
            [
              3.3865,
              42.869
            ],
            [
              3.387,
              42.8695
            ],
            [
              3.3875,
              42.87
            ],
            [
              3.3880000000000003,
              42.8705
            ],
            [
              3.3890000000000002,
              42.8705
            ],
            [
              3.3895,
              42.871
            ],
            [
              3.39,
              42.8715
            ],
            [
              3.3905000000000003,
              42.872
            ],
            [
              3.391,
              42.8725
            ],
            [
              3.3920000000000003,
              42.8725
            ],
            [
              3.3925,
              42.873
            ],
            [
              3.3930000000000002,
              42.8735
            ],
            [
              3.3935000000000004,
              42.874
            ],
            [
              3.394,
              42.8745
            ],
            [
              3.3945,
              42.875
            ],
            [
              3.395,
              42.8755
            ],
            [
              3.3955,
              42.876
            ],
            [
              3.3955,
              42.877
            ],
            [
              3.3955,
              42.878
            ],
            [
              3.3955,
              42.879
            ],
            [
              3.3955,
              42.88
            ],
            [
              3.3955,
              42.881
            ],
            [
              3.3955,
              42.882
            ],
            [
              3.3955,
              42.883
            ],
            [
              3.3960000000000004,
              42.8835
            ],
            [
              3.3965000000000005,
              42.884
            ],
            [
              3.3965000000000005,
              42.885
            ],
            [
              3.3970000000000002,
              42.8855
            ],
            [
              3.3975,
              42.886
            ],
            [
              3.3975,
              42.887
            ],
            [
              3.398,
              42.8875
            ],
            [
              3.3985000000000003,
              42.888
            ],
            [
              3.399,
              42.8885
            ],
            [
              3.3995,
              42.889
            ],
            [
              3.4000000000000004,
              42.8895
            ],
            [
              3.4005,
              42.89
            ],
            [
              3.4010000000000002,
              42.8905
            ],
            [
              3.4015000000000004,
              42.891
            ],
            [
              3.4015000000000004,
              42.892
            ],
            [
              3.4015000000000004,
              42.893
            ],
            [
              3.4015000000000004,
              42.894
            ],
            [
              3.402,
              42.8945
            ],
            [
              3.4025000000000003,
              42.895
            ],
            [
              3.4030000000000005,
              42.8955
            ],
            [
              3.4035,
              42.896
            ],
            [
              3.4035,
              42.897
            ],
            [
              3.4040000000000004,
              42.8975
            ],
            [
              3.4045000000000005,
              42.898
            ],
            [
              3.4045000000000005,
              42.899
            ],
            [
              3.4050000000000002,
              42.8995
            ],
            [
              3.4055,
              42.9
            ],
            [
              3.406,
              42.9005
            ],
            [
              3.4065000000000003,
              42.901
            ],
            [
              3.407,
              42.9015
            ],
            [
              3.4075,
              42.902
            ],
            [
              3.4080000000000004,
              42.9025
            ],
            [
              3.4085,
              42.903
            ],
            [
              3.4090000000000003,
              42.9035
            ],
            [
              3.41,
              42.9035
            ],
            [
              3.4105000000000003,
              42.904
            ],
            [
              3.4110000000000005,
              42.9045
            ],
            [
              3.4115,
              42.905
            ],
            [
              3.4115,
              42.906
            ],
            [
              3.412,
              42.9065
            ],
            [
              3.4125,
              42.907000000000004
            ],
            [
              3.4125,
              42.908
            ],
            [
              3.4125,
              42.909
            ],
            [
              3.4130000000000003,
              42.9095
            ],
            [
              3.4135,
              42.910000000000004
            ],
            [
              3.414,
              42.9105
            ],
            [
              3.415,
              42.9105
            ],
            [
              3.4155,
              42.911
            ],
            [
              3.4160000000000004,
              42.911500000000004
            ],
            [
              3.4165,
              42.912
            ],
            [
              3.4170000000000003,
              42.9125
            ],
            [
              3.4175000000000004,
              42.913000000000004
            ],
            [
              3.418,
              42.9135
            ],
            [
              3.4185,
              42.914
            ],
            [
              3.4185,
              42.915
            ],
            [
              3.419,
              42.915499999999994
            ],
            [
              3.4195,
              42.916
            ],
            [
              3.4195,
              42.917
            ],
            [
              3.4195,
              42.918
            ],
            [
              3.4195,
              42.919
            ],
            [
              3.42,
              42.9195
            ],
            [
              3.4205,
              42.92
            ],
            [
              3.4210000000000003,
              42.920500000000004
            ],
            [
              3.422,
              42.920500000000004
            ],
            [
              3.423,
              42.920500000000004
            ],
            [
              3.4240000000000004,
              42.920500000000004
            ],
            [
              3.4250000000000003,
              42.920500000000004
            ],
            [
              3.426,
              42.920500000000004
            ],
            [
              3.4265,
              42.921
            ],
            [
              3.427,
              42.921499999999995
            ],
            [
              3.4275,
              42.922
            ],
            [
              3.428,
              42.9225
            ],
            [
              3.4285,
              42.923
            ],
            [
              3.4285,
              42.924
            ],
            [
              3.4290000000000003,
              42.924499999999995
            ],
            [
              3.4295,
              42.925
            ],
            [
              3.43,
              42.9255
            ],
            [
              3.431,
              42.9255
            ],
            [
              3.4315,
              42.926
            ],
            [
              3.4320000000000004,
              42.926500000000004
            ],
            [
              3.4325,
              42.927
            ],
            [
              3.4330000000000003,
              42.927499999999995
            ],
            [
              3.4335000000000004,
              42.928
            ],
            [
              3.4335000000000004,
              42.929
            ],
            [
              3.4335000000000004,
              42.93
            ],
            [
              3.4335000000000004,
              42.931
            ],
            [
              3.4330000000000003,
              42.9315
            ],
            [
              3.4325,
              42.932
            ],
            [
              3.4325,
              42.933
            ],
            [
              3.4325,
              42.934
            ],
            [
              3.4330000000000003,
              42.9345
            ],
            [
              3.4335000000000004,
              42.935
            ],
            [
              3.4335000000000004,
              42.936
            ],
            [
              3.434,
              42.936499999999995
            ],
            [
              3.435,
              42.936499999999995
            ],
            [
              3.4355,
              42.937
            ],
            [
              3.436,
              42.9375
            ],
            [
              3.4365,
              42.938
            ],
            [
              3.4370000000000003,
              42.938500000000005
            ],
            [
              3.438,
              42.938500000000005
            ],
            [
              3.4385000000000003,
              42.939
            ],
            [
              3.4385000000000003,
              42.94
            ],
            [
              3.439,
              42.9405
            ],
            [
              3.4395000000000002,
              42.941
            ],
            [
              3.4395000000000002,
              42.942
            ],
            [
              3.4400000000000004,
              42.942499999999995
            ],
            [
              3.4405,
              42.943
            ],
            [
              3.4405,
              42.944
            ],
            [
              3.4405,
              42.945
            ],
            [
              3.4410000000000003,
              42.945499999999996
            ],
            [
              3.4415000000000004,
              42.946
            ],
            [
              3.4415000000000004,
              42.947
            ],
            [
              3.4415000000000004,
              42.948
            ],
            [
              3.442,
              42.948499999999996
            ],
            [
              3.4425,
              42.949
            ],
            [
              3.4425,
              42.95
            ],
            [
              3.443,
              42.950500000000005
            ],
            [
              3.4435000000000002,
              42.951
            ],
            [
              3.444,
              42.951499999999996
            ],
            [
              3.4445,
              42.952
            ],
            [
              3.4450000000000003,
              42.9525
            ],
            [
              3.446,
              42.9525
            ],
            [
              3.4465000000000003,
              42.953
            ],
            [
              3.447,
              42.953500000000005
            ],
            [
              3.4475000000000002,
              42.954
            ],
            [
              3.4475000000000002,
              42.955
            ],
            [
              3.4480000000000004,
              42.9555
            ],
            [
              3.4485,
              42.956
            ],
            [
              3.4490000000000003,
              42.956500000000005
            ],
            [
              3.45,
              42.956500000000005
            ],
            [
              3.4505,
              42.957
            ],
            [
              3.451,
              42.957499999999996
            ],
            [
              3.4515000000000002,
              42.958
            ],
            [
              3.452,
              42.9585
            ],
            [
              3.4530000000000003,
              42.9585
            ],
            [
              3.4535,
              42.959
            ],
            [
              3.454,
              42.959500000000006
            ],
            [
              3.4545000000000003,
              42.96
            ],
            [
              3.455,
              42.960499999999996
            ],
            [
              3.4555000000000002,
              42.961
            ],
            [
              3.4560000000000004,
              42.9615
            ],
            [
              3.4570000000000003,
              42.9615
            ],
            [
              3.4575000000000005,
              42.962
            ],
            [
              3.458,
              42.962500000000006
            ],
            [
              3.459,
              42.962500000000006
            ],
            [
              3.4595000000000002,
              42.963
            ],
            [
              3.4595000000000002,
              42.964
            ],
            [
              3.46,
              42.9645
            ],
            [
              3.4605,
              42.965
            ],
            [
              3.4610000000000003,
              42.965500000000006
            ],
            [
              3.4615,
              42.966
            ],
            [
              3.462,
              42.966499999999996
            ],
            [
              3.463,
              42.966499999999996
            ],
            [
              3.4635000000000002,
              42.967
            ],
            [
              3.4640000000000004,
              42.9675
            ],
            [
              3.4645,
              42.968
            ],
            [
              3.4650000000000003,
              42.968500000000006
            ],
            [
              3.4655000000000005,
              42.969
            ],
            [
              3.4655000000000005,
              42.97
            ],
            [
              3.4655000000000005,
              42.971000000000004
            ],
            [
              3.466,
              42.971500000000006
            ],
            [
              3.4665,
              42.972
            ],
            [
              3.467,
              42.9725
            ],
            [
              3.4675000000000002,
              42.973
            ],
            [
              3.468,
              42.9735
            ],
            [
              3.4685,
              42.974000000000004
            ],
            [
              3.4690000000000003,
              42.974500000000006
            ],
            [
              3.4695,
              42.975
            ],
            [
              3.4695,
              42.976
            ],
            [
              3.47,
              42.9765
            ],
            [
              3.4705000000000004,
              42.977000000000004
            ],
            [
              3.471,
              42.977500000000006
            ],
            [
              3.4715000000000003,
              42.978
            ],
            [
              3.4720000000000004,
              42.9785
            ],
            [
              3.4725,
              42.979
            ],
            [
              3.4725,
              42.980000000000004
            ],
            [
              3.4730000000000003,
              42.980500000000006
            ],
            [
              3.4735000000000005,
              42.981
            ],
            [
              3.4735000000000005,
              42.982
            ],
            [
              3.474,
              42.9825
            ],
            [
              3.4745,
              42.983000000000004
            ],
            [
              3.4745,
              42.984
            ],
            [
              3.475,
              42.9845
            ],
            [
              3.4755000000000003,
              42.985
            ],
            [
              3.476,
              42.9855
            ],
            [
              3.4770000000000003,
              42.9855
            ],
            [
              3.4775,
              42.986
            ],
            [
              3.478,
              42.9865
            ],
            [
              3.479,
              42.9865
            ],
            [
              3.4800000000000004,
              42.9865
            ],
            [
              3.4810000000000003,
              42.9865
            ],
            [
              3.4815000000000005,
              42.987
            ],
            [
              3.482,
              42.9875
            ],
            [
              3.483,
              42.9875
            ],
            [
              3.484,
              42.9875
            ],
            [
              3.4850000000000003,
              42.9875
            ],
            [
              3.486,
              42.9875
            ],
            [
              3.487,
              42.9875
            ],
            [
              3.4875000000000003,
              42.988
            ],
            [
              3.4880000000000004,
              42.9885
            ],
            [
              3.4890000000000003,
              42.9885
            ],
            [
              3.4895000000000005,
              42.989
            ],
            [
              3.49,
              42.9895
            ],
            [
              3.491,
              42.9895
            ],
            [
              3.492,
              42.9895
            ],
            [
              3.4925,
              42.99
            ],
            [
              3.4930000000000003,
              42.9905
            ],
            [
              3.494,
              42.9905
            ],
            [
              3.4945000000000004,
              42.991
            ],
            [
              3.495,
              42.9915
            ],
            [
              3.4960000000000004,
              42.9915
            ],
            [
              3.4965,
              42.992
            ],
            [
              3.4970000000000003,
              42.9925
            ],
            [
              3.4975000000000005,
              42.993
            ],
            [
              3.498,
              42.9935
            ],
            [
              3.4985,
              42.994
            ],
            [
              3.499,
              42.9945
            ],
            [
              3.4995000000000003,
              42.995
            ],
            [
              3.4995000000000003,
              42.996
            ],
            [
              3.5,
              42.9965
            ],
            [
              3.5005,
              42.997
            ],
            [
              3.5005,
              42.998
            ],
            [
              3.5005,
              42.999
            ],
            [
              3.5010000000000003,
              42.9995
            ],
            [
              3.5015,
              43.0
            ],
            [
              3.5015,
              43.001
            ],
            [
              3.5020000000000002,
              43.0015
            ],
            [
              3.5025000000000004,
              43.002
            ],
            [
              3.503,
              43.0025
            ],
            [
              3.5040000000000004,
              43.0025
            ],
            [
              3.5045,
              43.003
            ],
            [
              3.5050000000000003,
              43.0035
            ],
            [
              3.5060000000000002,
              43.0035
            ],
            [
              3.507,
              43.0035
            ],
            [
              3.508,
              43.0035
            ],
            [
              3.5090000000000003,
              43.0035
            ],
            [
              3.5095,
              43.004
            ],
            [
              3.5100000000000002,
              43.0045
            ],
            [
              3.511,
              43.0045
            ],
            [
              3.5120000000000005,
              43.0045
            ],
            [
              3.5130000000000003,
              43.0045
            ],
            [
              3.5135000000000005,
              43.005
            ],
            [
              3.5140000000000002,
              43.0055
            ],
            [
              3.515,
              43.0055
            ],
            [
              3.516,
              43.0055
            ],
            [
              3.5165,
              43.006
            ],
            [
              3.5170000000000003,
              43.0065
            ],
            [
              3.5180000000000002,
              43.0065
            ],
            [
              3.519,
              43.0065
            ],
            [
              3.5195000000000003,
              43.007
            ],
            [
              3.5200000000000005,
              43.0075
            ],
            [
              3.5210000000000004,
              43.0075
            ],
            [
              3.5215000000000005,
              43.008
            ],
            [
              3.5220000000000002,
              43.0085
            ],
            [
              3.5225,
              43.009
            ],
            [
              3.5225,
              43.01
            ],
            [
              3.523,
              43.0105
            ],
            [
              3.5235000000000003,
              43.011
            ],
            [
              3.524,
              43.0115
            ],
            [
              3.5245,
              43.012
            ],
            [
              3.5250000000000004,
              43.0125
            ],
            [
              3.5260000000000002,
              43.0125
            ],
            [
              3.5265000000000004,
              43.013
            ],
            [
              3.527,
              43.0135
            ],
            [
              3.5275000000000003,
              43.014
            ],
            [
              3.5280000000000005,
              43.0145
            ],
            [
              3.5290000000000004,
              43.0145
            ],
            [
              3.5295000000000005,
              43.015
            ],
            [
              3.5300000000000002,
              43.0155
            ],
            [
              3.531,
              43.0155
            ],
            [
              3.532,
              43.0155
            ],
            [
              3.5330000000000004,
              43.0155
            ],
            [
              3.5335,
              43.015
            ],
            [
              3.5340000000000003,
              43.0145
            ],
            [
              3.535,
              43.0145
            ],
            [
              3.5360000000000005,
              43.0145
            ],
            [
              3.5370000000000004,
              43.0145
            ],
            [
              3.5380000000000003,
              43.0145
            ],
            [
              3.5385,
              43.015
            ],
            [
              3.539,
              43.0155
            ],
            [
              3.5395000000000003,
              43.016
            ],
            [
              3.5395000000000003,
              43.017
            ],
            [
              3.539,
              43.0175
            ],
            [
              3.5385,
              43.018
            ],
            [
              3.5380000000000003,
              43.0185
            ],
            [
              3.5375000000000005,
              43.019
            ],
            [
              3.5370000000000004,
              43.0195
            ],
            [
              3.5365,
              43.02
            ],
            [
              3.5360000000000005,
              43.0205
            ],
            [
              3.5355000000000003,
              43.021
            ],
            [
              3.535,
              43.0215
            ],
            [
              3.5345000000000004,
              43.022
            ],
            [
              3.5345000000000004,
              43.023
            ],
            [
              3.5345000000000004,
              43.024
            ],
            [
              3.535,
              43.0245
            ],
            [
              3.5360000000000005,
              43.0245
            ],
            [
              3.5365,
              43.025
            ],
            [
              3.5370000000000004,
              43.0255
            ],
            [
              3.5375000000000005,
              43.026
            ],
            [
              3.5380000000000003,
              43.0265
            ],
            [
              3.539,
              43.0265
            ],
            [
              3.5395000000000003,
              43.027
            ],
            [
              3.54,
              43.0275
            ],
            [
              3.5410000000000004,
              43.0275
            ],
            [
              3.5415,
              43.028
            ],
            [
              3.5420000000000003,
              43.0285
            ],
            [
              3.543,
              43.0285
            ],
            [
              3.5435,
              43.029
            ],
            [
              3.544,
              43.0295
            ],
            [
              3.5445,
              43.03
            ],
            [
              3.545,
              43.0305
            ],
            [
              3.5455,
              43.031
            ],
            [
              3.5455,
              43.032000000000004
            ],
            [
              3.545,
              43.0325
            ],
            [
              3.5445,
              43.033
            ],
            [
              3.5445,
              43.034
            ],
            [
              3.544,
              43.0345
            ],
            [
              3.5435,
              43.035000000000004
            ],
            [
              3.543,
              43.0355
            ],
            [
              3.5425000000000004,
              43.036
            ],
            [
              3.5425000000000004,
              43.037
            ],
            [
              3.5425000000000004,
              43.038000000000004
            ],
            [
              3.5425000000000004,
              43.039
            ],
            [
              3.543,
              43.039500000000004
            ],
            [
              3.5435,
              43.04
            ],
            [
              3.544,
              43.0405
            ],
            [
              3.5445,
              43.041000000000004
            ],
            [
              3.5445,
              43.042
            ],
            [
              3.545,
              43.042500000000004
            ],
            [
              3.5455,
              43.043
            ],
            [
              3.5455,
              43.044
            ],
            [
              3.5460000000000003,
              43.0445
            ],
            [
              3.5465,
              43.045
            ],
            [
              3.547,
              43.045500000000004
            ],
            [
              3.5475000000000003,
              43.046
            ],
            [
              3.548,
              43.046499999999995
            ],
            [
              3.5490000000000004,
              43.046499999999995
            ],
            [
              3.5500000000000003,
              43.046499999999995
            ],
            [
              3.551,
              43.046499999999995
            ],
            [
              3.552,
              43.046499999999995
            ],
            [
              3.553,
              43.046499999999995
            ],
            [
              3.5540000000000003,
              43.046499999999995
            ],
            [
              3.555,
              43.046499999999995
            ],
            [
              3.556,
              43.046499999999995
            ],
            [
              3.5565,
              43.047
            ],
            [
              3.5570000000000004,
              43.0475
            ],
            [
              3.5580000000000003,
              43.0475
            ],
            [
              3.5585000000000004,
              43.048
            ],
            [
              3.559,
              43.048500000000004
            ],
            [
              3.5595,
              43.049
            ],
            [
              3.5595,
              43.05
            ],
            [
              3.56,
              43.0505
            ],
            [
              3.5605,
              43.051
            ],
            [
              3.5605,
              43.052
            ],
            [
              3.5605,
              43.053
            ],
            [
              3.561,
              43.0535
            ],
            [
              3.5620000000000003,
              43.0535
            ],
            [
              3.5625,
              43.054
            ],
            [
              3.563,
              43.054500000000004
            ],
            [
              3.564,
              43.054500000000004
            ],
            [
              3.5650000000000004,
              43.054500000000004
            ],
            [
              3.5660000000000003,
              43.054500000000004
            ],
            [
              3.567,
              43.054500000000004
            ],
            [
              3.568,
              43.054500000000004
            ],
            [
              3.569,
              43.054500000000004
            ],
            [
              3.5700000000000003,
              43.054500000000004
            ],
            [
              3.571,
              43.054500000000004
            ],
            [
              3.572,
              43.054500000000004
            ],
            [
              3.5725000000000002,
              43.055
            ],
            [
              3.5730000000000004,
              43.055499999999995
            ],
            [
              3.5740000000000003,
              43.055499999999995
            ],
            [
              3.5745000000000005,
              43.056
            ],
            [
              3.575,
              43.0565
            ],
            [
              3.5755,
              43.057
            ],
            [
              3.576,
              43.057500000000005
            ],
            [
              3.577,
              43.057500000000005
            ],
            [
              3.5775,
              43.058
            ],
            [
              3.5780000000000003,
              43.058499999999995
            ],
            [
              3.579,
              43.058499999999995
            ],
            [
              3.58,
              43.058499999999995
            ],
            [
              3.5810000000000004,
              43.058499999999995
            ],
            [
              3.5820000000000003,
              43.058499999999995
            ],
            [
              3.583,
              43.058499999999995
            ],
            [
              3.584,
              43.058499999999995
            ],
            [
              3.5845000000000002,
              43.058
            ],
            [
              3.585,
              43.057500000000005
            ],
            [
              3.5860000000000003,
              43.057500000000005
            ],
            [
              3.587,
              43.057500000000005
            ],
            [
              3.5875000000000004,
              43.058
            ],
            [
              3.588,
              43.058499999999995
            ],
            [
              3.5890000000000004,
              43.058499999999995
            ],
            [
              3.5900000000000003,
              43.058499999999995
            ],
            [
              3.5905000000000005,
              43.059
            ],
            [
              3.591,
              43.0595
            ],
            [
              3.592,
              43.0595
            ],
            [
              3.5925000000000002,
              43.06
            ],
            [
              3.593,
              43.060500000000005
            ],
            [
              3.5940000000000003,
              43.060500000000005
            ],
            [
              3.595,
              43.060500000000005
            ],
            [
              3.5955000000000004,
              43.061
            ],
            [
              3.596,
              43.061499999999995
            ],
            [
              3.5970000000000004,
              43.061499999999995
            ],
            [
              3.5975,
              43.062
            ],
            [
              3.5980000000000003,
              43.0625
            ],
            [
              3.5985000000000005,
              43.063
            ],
            [
              3.599,
              43.063500000000005
            ],
            [
              3.5995,
              43.064
            ],
            [
              3.5995,
              43.065
            ],
            [
              3.5995,
              43.066
            ],
            [
              3.5995,
              43.067
            ],
            [
              3.5995,
              43.068
            ],
            [
              3.5995,
              43.069
            ],
            [
              3.6,
              43.069500000000005
            ],
            [
              3.6005000000000003,
              43.07
            ],
            [
              3.601,
              43.070499999999996
            ],
            [
              3.6020000000000003,
              43.070499999999996
            ],
            [
              3.6025,
              43.071
            ],
            [
              3.603,
              43.0715
            ],
            [
              3.6035000000000004,
              43.072
            ],
            [
              3.604,
              43.072500000000005
            ],
            [
              3.6045000000000003,
              43.073
            ],
            [
              3.6050000000000004,
              43.073499999999996
            ],
            [
              3.6055,
              43.074
            ],
            [
              3.6060000000000003,
              43.0745
            ],
            [
              3.607,
              43.0745
            ],
            [
              3.6075,
              43.075
            ],
            [
              3.608,
              43.075500000000005
            ],
            [
              3.609,
              43.075500000000005
            ],
            [
              3.6100000000000003,
              43.075500000000005
            ],
            [
              3.611,
              43.075500000000005
            ],
            [
              3.612,
              43.075500000000005
            ],
            [
              3.6130000000000004,
              43.075500000000005
            ],
            [
              3.6140000000000003,
              43.075500000000005
            ],
            [
              3.6145000000000005,
              43.076
            ],
            [
              3.615,
              43.076499999999996
            ],
            [
              3.616,
              43.076499999999996
            ],
            [
              3.6165000000000003,
              43.077
            ],
            [
              3.617,
              43.0775
            ],
            [
              3.6180000000000003,
              43.0775
            ],
            [
              3.619,
              43.0775
            ],
            [
              3.6195000000000004,
              43.078
            ],
            [
              3.62,
              43.078500000000005
            ],
            [
              3.6210000000000004,
              43.078500000000005
            ],
            [
              3.6215,
              43.079
            ],
            [
              3.6220000000000003,
              43.079499999999996
            ],
            [
              3.623,
              43.079499999999996
            ],
            [
              3.6235,
              43.08
            ],
            [
              3.624,
              43.0805
            ],
            [
              3.625,
              43.0805
            ],
            [
              3.6260000000000003,
              43.0805
            ],
            [
              3.6270000000000002,
              43.0805
            ],
            [
              3.6275000000000004,
              43.081
            ],
            [
              3.628,
              43.081500000000005
            ],
            [
              3.6290000000000004,
              43.081500000000005
            ],
            [
              3.6300000000000003,
              43.081500000000005
            ],
            [
              3.6305000000000005,
              43.082
            ],
            [
              3.6310000000000002,
              43.082499999999996
            ],
            [
              3.632,
              43.082499999999996
            ],
            [
              3.633,
              43.082499999999996
            ],
            [
              3.6340000000000003,
              43.082499999999996
            ],
            [
              3.6350000000000002,
              43.082499999999996
            ],
            [
              3.636,
              43.082499999999996
            ],
            [
              3.6370000000000005,
              43.082499999999996
            ],
            [
              3.6380000000000003,
              43.082499999999996
            ],
            [
              3.6390000000000002,
              43.082499999999996
            ],
            [
              3.64,
              43.082499999999996
            ],
            [
              3.641,
              43.082499999999996
            ],
            [
              3.6420000000000003,
              43.082499999999996
            ],
            [
              3.6430000000000002,
              43.082499999999996
            ],
            [
              3.644,
              43.082499999999996
            ],
            [
              3.6450000000000005,
              43.082499999999996
            ],
            [
              3.6455,
              43.082
            ],
            [
              3.6460000000000004,
              43.081500000000005
            ],
            [
              3.6470000000000002,
              43.081500000000005
            ],
            [
              3.648,
              43.081500000000005
            ],
            [
              3.649,
              43.081500000000005
            ],
            [
              3.6500000000000004,
              43.081500000000005
            ],
            [
              3.6510000000000002,
              43.081500000000005
            ],
            [
              3.652,
              43.081500000000005
            ],
            [
              3.6525000000000003,
              43.082
            ],
            [
              3.6530000000000005,
              43.082499999999996
            ],
            [
              3.6540000000000004,
              43.082499999999996
            ],
            [
              3.6545000000000005,
              43.083
            ],
            [
              3.6550000000000002,
              43.0835
            ],
            [
              3.6555,
              43.084
            ],
            [
              3.656,
              43.084500000000006
            ],
            [
              3.6565000000000003,
              43.085
            ],
            [
              3.6565000000000003,
              43.086
            ],
            [
              3.657,
              43.0865
            ],
            [
              3.6575,
              43.087
            ],
            [
              3.6580000000000004,
              43.087500000000006
            ],
            [
              3.6585,
              43.088
            ],
            [
              3.6590000000000003,
              43.088499999999996
            ],
            [
              3.66,
              43.088499999999996
            ],
            [
              3.6605000000000003,
              43.089
            ],
            [
              3.6610000000000005,
              43.0895
            ],
            [
              3.6615,
              43.09
            ],
            [
              3.6620000000000004,
              43.090500000000006
            ],
            [
              3.6625000000000005,
              43.091
            ],
            [
              3.6630000000000003,
              43.091499999999996
            ],
            [
              3.6635,
              43.092
            ],
            [
              3.664,
              43.0925
            ],
            [
              3.6645000000000003,
              43.093
            ],
            [
              3.665,
              43.093500000000006
            ],
            [
              3.6655,
              43.094
            ],
            [
              3.6660000000000004,
              43.0945
            ],
            [
              3.6665,
              43.095
            ],
            [
              3.6665,
              43.096000000000004
            ],
            [
              3.6665,
              43.097
            ],
            [
              3.6670000000000003,
              43.0975
            ],
            [
              3.6675000000000004,
              43.098
            ],
            [
              3.6675000000000004,
              43.099000000000004
            ],
            [
              3.6675000000000004,
              43.1
            ],
            [
              3.6675000000000004,
              43.101
            ],
            [
              3.6670000000000003,
              43.1015
            ],
            [
              3.6665,
              43.102000000000004
            ],
            [
              3.6665,
              43.103
            ],
            [
              3.6660000000000004,
              43.1035
            ],
            [
              3.6655,
              43.104
            ],
            [
              3.6655,
              43.105000000000004
            ],
            [
              3.665,
              43.105500000000006
            ],
            [
              3.6645000000000003,
              43.106
            ],
            [
              3.6645000000000003,
              43.107
            ],
            [
              3.664,
              43.1075
            ],
            [
              3.6635,
              43.108000000000004
            ],
            [
              3.6630000000000003,
              43.10850000000001
            ],
            [
              3.6625000000000005,
              43.109
            ],
            [
              3.6620000000000004,
              43.1095
            ],
            [
              3.6615,
              43.11
            ],
            [
              3.6615,
              43.111
            ],
            [
              3.6615,
              43.112
            ],
            [
              3.6615,
              43.113
            ],
            [
              3.6615,
              43.114
            ],
            [
              3.6615,
              43.115
            ],
            [
              3.6615,
              43.116
            ],
            [
              3.6615,
              43.117
            ],
            [
              3.6615,
              43.118
            ],
            [
              3.6615,
              43.119
            ],
            [
              3.6615,
              43.12
            ],
            [
              3.6620000000000004,
              43.1205
            ],
            [
              3.6625000000000005,
              43.121
            ],
            [
              3.6625000000000005,
              43.122
            ],
            [
              3.6630000000000003,
              43.1225
            ],
            [
              3.6635,
              43.123
            ],
            [
              3.664,
              43.1235
            ],
            [
              3.6645000000000003,
              43.124
            ],
            [
              3.6645000000000003,
              43.125
            ],
            [
              3.665,
              43.1255
            ],
            [
              3.6655,
              43.126
            ],
            [
              3.6655,
              43.127
            ],
            [
              3.6660000000000004,
              43.1275
            ],
            [
              3.6665,
              43.128
            ],
            [
              3.6670000000000003,
              43.1285
            ],
            [
              3.6675000000000004,
              43.129
            ],
            [
              3.668,
              43.1295
            ],
            [
              3.6685,
              43.13
            ],
            [
              3.669,
              43.1305
            ],
            [
              3.6695,
              43.131
            ],
            [
              3.67,
              43.1315
            ],
            [
              3.6705,
              43.132
            ],
            [
              3.6705,
              43.133
            ],
            [
              3.6710000000000003,
              43.1335
            ],
            [
              3.672,
              43.1335
            ],
            [
              3.6725000000000003,
              43.134
            ],
            [
              3.673,
              43.1345
            ],
            [
              3.6740000000000004,
              43.1345
            ],
            [
              3.6750000000000003,
              43.1345
            ],
            [
              3.6755000000000004,
              43.135
            ],
            [
              3.676,
              43.1355
            ],
            [
              3.677,
              43.1355
            ],
            [
              3.678,
              43.1355
            ],
            [
              3.6790000000000003,
              43.1355
            ],
            [
              3.68,
              43.1355
            ],
            [
              3.681,
              43.1355
            ],
            [
              3.6815,
              43.136
            ],
            [
              3.6820000000000004,
              43.1365
            ],
            [
              3.6830000000000003,
              43.1365
            ],
            [
              3.6835000000000004,
              43.137
            ],
            [
              3.684,
              43.1375
            ],
            [
              3.685,
              43.1375
            ],
            [
              3.6855,
              43.138
            ],
            [
              3.686,
              43.1385
            ],
            [
              3.6865,
              43.139
            ],
            [
              3.6865,
              43.14
            ],
            [
              3.6870000000000003,
              43.1405
            ],
            [
              3.6875,
              43.141
            ],
            [
              3.6875,
              43.142
            ],
            [
              3.688,
              43.1425
            ],
            [
              3.689,
              43.1425
            ],
            [
              3.6895000000000002,
              43.143
            ],
            [
              3.6900000000000004,
              43.1435
            ],
            [
              3.6910000000000003,
              43.1435
            ],
            [
              3.6915000000000004,
              43.144
            ],
            [
              3.692,
              43.1445
            ],
            [
              3.693,
              43.1445
            ],
            [
              3.694,
              43.1445
            ],
            [
              3.6945,
              43.145
            ],
            [
              3.6950000000000003,
              43.1455
            ],
            [
              3.696,
              43.1455
            ],
            [
              3.697,
              43.1455
            ],
            [
              3.6975000000000002,
              43.146
            ],
            [
              3.6980000000000004,
              43.1465
            ],
            [
              3.6985,
              43.147
            ],
            [
              3.6990000000000003,
              43.1475
            ],
            [
              3.6995000000000005,
              43.148
            ],
            [
              3.7,
              43.1485
            ],
            [
              3.7005,
              43.149
            ],
            [
              3.701,
              43.1495
            ],
            [
              3.7015000000000002,
              43.15
            ],
            [
              3.7015000000000002,
              43.151
            ],
            [
              3.702,
              43.1515
            ],
            [
              3.7025,
              43.152
            ],
            [
              3.7025,
              43.153
            ],
            [
              3.7025,
              43.154
            ],
            [
              3.7025,
              43.155
            ],
            [
              3.702,
              43.1555
            ],
            [
              3.7015000000000002,
              43.156
            ],
            [
              3.7015000000000002,
              43.157000000000004
            ],
            [
              3.702,
              43.1575
            ],
            [
              3.7025,
              43.158
            ],
            [
              3.7030000000000003,
              43.158500000000004
            ],
            [
              3.7035,
              43.159
            ],
            [
              3.704,
              43.1595
            ],
            [
              3.705,
              43.1595
            ],
            [
              3.7060000000000004,
              43.1595
            ],
            [
              3.7070000000000003,
              43.1595
            ],
            [
              3.7075000000000005,
              43.160000000000004
            ],
            [
              3.708,
              43.1605
            ],
            [
              3.709,
              43.1605
            ],
            [
              3.7095000000000002,
              43.161
            ],
            [
              3.71,
              43.161500000000004
            ],
            [
              3.7110000000000003,
              43.161500000000004
            ],
            [
              3.712,
              43.161500000000004
            ],
            [
              3.7125000000000004,
              43.162
            ],
            [
              3.713,
              43.1625
            ],
            [
              3.7140000000000004,
              43.1625
            ],
            [
              3.7150000000000003,
              43.1625
            ],
            [
              3.716,
              43.1625
            ],
            [
              3.717,
              43.1625
            ],
            [
              3.718,
              43.1625
            ],
            [
              3.7190000000000003,
              43.1625
            ],
            [
              3.7195,
              43.163000000000004
            ],
            [
              3.72,
              43.1635
            ],
            [
              3.721,
              43.1635
            ],
            [
              3.7215000000000003,
              43.164
            ],
            [
              3.7220000000000004,
              43.164500000000004
            ],
            [
              3.7225,
              43.165
            ],
            [
              3.7225,
              43.166000000000004
            ],
            [
              3.7225,
              43.167
            ],
            [
              3.7230000000000003,
              43.167500000000004
            ],
            [
              3.7235000000000005,
              43.168
            ],
            [
              3.724,
              43.168499999999995
            ],
            [
              3.7245,
              43.169
            ],
            [
              3.725,
              43.1695
            ],
            [
              3.7255000000000003,
              43.17
            ],
            [
              3.726,
              43.170500000000004
            ],
            [
              3.7270000000000003,
              43.170500000000004
            ],
            [
              3.7275,
              43.171
            ],
            [
              3.728,
              43.171499999999995
            ],
            [
              3.7285000000000004,
              43.172
            ],
            [
              3.729,
              43.1725
            ],
            [
              3.7300000000000004,
              43.1725
            ],
            [
              3.7310000000000003,
              43.1725
            ],
            [
              3.732,
              43.1725
            ],
            [
              3.7325,
              43.173
            ],
            [
              3.733,
              43.173500000000004
            ],
            [
              3.734,
              43.173500000000004
            ],
            [
              3.7345,
              43.174
            ],
            [
              3.7350000000000003,
              43.174499999999995
            ],
            [
              3.7355,
              43.175
            ],
            [
              3.736,
              43.1755
            ],
            [
              3.737,
              43.1755
            ],
            [
              3.7375000000000003,
              43.176
            ],
            [
              3.7380000000000004,
              43.176500000000004
            ],
            [
              3.7385,
              43.177
            ],
            [
              3.7390000000000003,
              43.177499999999995
            ],
            [
              3.74,
              43.177499999999995
            ],
            [
              3.7405,
              43.178
            ],
            [
              3.741,
              43.1785
            ],
            [
              3.742,
              43.1785
            ],
            [
              3.7425,
              43.179
            ],
            [
              3.7430000000000003,
              43.179500000000004
            ],
            [
              3.7435,
              43.18
            ],
            [
              3.744,
              43.180499999999995
            ],
            [
              3.7445000000000004,
              43.181
            ],
            [
              3.745,
              43.1815
            ],
            [
              3.7460000000000004,
              43.1815
            ],
            [
              3.7465,
              43.182
            ],
            [
              3.7470000000000003,
              43.182500000000005
            ],
            [
              3.748,
              43.182500000000005
            ],
            [
              3.749,
              43.182500000000005
            ],
            [
              3.7495000000000003,
              43.183
            ],
            [
              3.75,
              43.183499999999995
            ],
            [
              3.7505,
              43.184
            ],
            [
              3.7510000000000003,
              43.1845
            ],
            [
              3.7520000000000002,
              43.1845
            ],
            [
              3.7525000000000004,
              43.185
            ],
            [
              3.753,
              43.185500000000005
            ],
            [
              3.7535000000000003,
              43.186
            ],
            [
              3.7540000000000004,
              43.186499999999995
            ],
            [
              3.7545,
              43.187
            ],
            [
              3.7550000000000003,
              43.1875
            ],
            [
              3.7560000000000002,
              43.1875
            ],
            [
              3.7565,
              43.188
            ],
            [
              3.757,
              43.188500000000005
            ],
            [
              3.758,
              43.188500000000005
            ],
            [
              3.7585,
              43.189
            ],
            [
              3.7590000000000003,
              43.189499999999995
            ],
            [
              3.7600000000000002,
              43.189499999999995
            ],
            [
              3.7605000000000004,
              43.19
            ],
            [
              3.761,
              43.1905
            ],
            [
              3.7615000000000003,
              43.191
            ],
            [
              3.7620000000000005,
              43.191500000000005
            ],
            [
              3.7630000000000003,
              43.191500000000005
            ],
            [
              3.7635000000000005,
              43.192
            ],
            [
              3.7640000000000002,
              43.192499999999995
            ],
            [
              3.7645,
              43.193
            ],
            [
              3.765,
              43.1935
            ],
            [
              3.7655000000000003,
              43.194
            ],
            [
              3.766,
              43.194500000000005
            ],
            [
              3.7670000000000003,
              43.194500000000005
            ],
            [
              3.7675,
              43.195
            ],
            [
              3.7680000000000002,
              43.195499999999996
            ],
            [
              3.769,
              43.195499999999996
            ],
            [
              3.7695000000000003,
              43.196
            ],
            [
              3.7700000000000005,
              43.1965
            ],
            [
              3.7705,
              43.197
            ],
            [
              3.7710000000000004,
              43.197500000000005
            ],
            [
              3.7715000000000005,
              43.198
            ],
            [
              3.7720000000000002,
              43.198499999999996
            ],
            [
              3.7725,
              43.199
            ],
            [
              3.773,
              43.1995
            ],
            [
              3.7735000000000003,
              43.2
            ],
            [
              3.7735000000000003,
              43.201
            ],
            [
              3.774,
              43.201499999999996
            ],
            [
              3.7745,
              43.202
            ],
            [
              3.7750000000000004,
              43.2025
            ],
            [
              3.7755,
              43.203
            ],
            [
              3.7760000000000002,
              43.203500000000005
            ],
            [
              3.777,
              43.203500000000005
            ],
            [
              3.7775000000000003,
              43.204
            ],
            [
              3.7780000000000005,
              43.204499999999996
            ],
            [
              3.7790000000000004,
              43.204499999999996
            ],
            [
              3.7800000000000002,
              43.204499999999996
            ],
            [
              3.781,
              43.204499999999996
            ],
            [
              3.7815000000000003,
              43.205
            ],
            [
              3.782,
              43.2055
            ],
            [
              3.7825,
              43.206
            ],
            [
              3.7830000000000004,
              43.206500000000005
            ],
            [
              3.7840000000000003,
              43.206500000000005
            ],
            [
              3.7845000000000004,
              43.207
            ],
            [
              3.7845000000000004,
              43.208
            ],
            [
              3.785,
              43.2085
            ],
            [
              3.7855000000000003,
              43.209
            ],
            [
              3.7860000000000005,
              43.209500000000006
            ],
            [
              3.7870000000000004,
              43.209500000000006
            ],
            [
              3.7875000000000005,
              43.21
            ],
            [
              3.7880000000000003,
              43.210499999999996
            ],
            [
              3.789,
              43.210499999999996
            ],
            [
              3.79,
              43.210499999999996
            ],
            [
              3.7905,
              43.211
            ],
            [
              3.7910000000000004,
              43.2115
            ],
            [
              3.7920000000000003,
              43.2115
            ],
            [
              3.7925000000000004,
              43.212
            ],
            [
              3.793,
              43.212500000000006
            ],
            [
              3.7935000000000003,
              43.213
            ],
            [
              3.7940000000000005,
              43.213499999999996
            ],
            [
              3.7950000000000004,
              43.213499999999996
            ],
            [
              3.7955000000000005,
              43.214
            ],
            [
              3.7960000000000003,
              43.2145
            ],
            [
              3.797,
              43.2145
            ],
            [
              3.7975000000000003,
              43.215
            ],
            [
              3.798,
              43.215500000000006
            ],
            [
              3.7990000000000004,
              43.215500000000006
            ],
            [
              3.8000000000000003,
              43.215500000000006
            ],
            [
              3.8005000000000004,
              43.216
            ],
            [
              3.801,
              43.216499999999996
            ],
            [
              3.802,
              43.216499999999996
            ],
            [
              3.8025,
              43.217
            ],
            [
              3.803,
              43.2175
            ],
            [
              3.8040000000000003,
              43.2175
            ],
            [
              3.8045,
              43.218
            ],
            [
              3.805,
              43.218500000000006
            ],
            [
              3.806,
              43.218500000000006
            ],
            [
              3.8065,
              43.219
            ],
            [
              3.8070000000000004,
              43.2195
            ],
            [
              3.8075,
              43.22
            ],
            [
              3.8080000000000003,
              43.2205
            ],
            [
              3.809,
              43.2205
            ],
            [
              3.8095,
              43.221000000000004
            ],
            [
              3.81,
              43.221500000000006
            ],
            [
              3.811,
              43.221500000000006
            ],
            [
              3.8115,
              43.222
            ],
            [
              3.8120000000000003,
              43.2225
            ],
            [
              3.813,
              43.2225
            ],
            [
              3.8135000000000003,
              43.223
            ],
            [
              3.814,
              43.2235
            ],
            [
              3.8150000000000004,
              43.2235
            ],
            [
              3.8155,
              43.224000000000004
            ],
            [
              3.8160000000000003,
              43.224500000000006
            ],
            [
              3.817,
              43.224500000000006
            ],
            [
              3.8175,
              43.225
            ],
            [
              3.818,
              43.2255
            ],
            [
              3.819,
              43.2255
            ],
            [
              3.8200000000000003,
              43.2255
            ],
            [
              3.821,
              43.2255
            ],
            [
              3.8215000000000003,
              43.226
            ],
            [
              3.822,
              43.2265
            ],
            [
              3.8230000000000004,
              43.2265
            ],
            [
              3.8235,
              43.227000000000004
            ],
            [
              3.8240000000000003,
              43.227500000000006
            ],
            [
              3.825,
              43.227500000000006
            ],
            [
              3.8255,
              43.228
            ],
            [
              3.826,
              43.2285
            ],
            [
              3.8265000000000002,
              43.229
            ],
            [
              3.827,
              43.2295
            ],
            [
              3.8280000000000003,
              43.2295
            ],
            [
              3.8285,
              43.230000000000004
            ],
            [
              3.829,
              43.230500000000006
            ],
            [
              3.83,
              43.230500000000006
            ],
            [
              3.8305000000000002,
              43.231
            ],
            [
              3.8310000000000004,
              43.2315
            ],
            [
              3.8320000000000003,
              43.2315
            ],
            [
              3.8325000000000005,
              43.232
            ],
            [
              3.833,
              43.2325
            ],
            [
              3.834,
              43.2325
            ],
            [
              3.835,
              43.2325
            ],
            [
              3.8355,
              43.233000000000004
            ],
            [
              3.8360000000000003,
              43.23350000000001
            ],
            [
              3.837,
              43.23350000000001
            ],
            [
              3.838,
              43.23350000000001
            ],
            [
              3.8385000000000002,
              43.234
            ],
            [
              3.8390000000000004,
              43.2345
            ],
            [
              3.8395,
              43.235
            ],
            [
              3.8400000000000003,
              43.2355
            ],
            [
              3.841,
              43.2355
            ],
            [
              3.842,
              43.2355
            ],
            [
              3.8425000000000002,
              43.236
            ],
            [
              3.843,
              43.2365
            ],
            [
              3.8440000000000003,
              43.2365
            ],
            [
              3.8445,
              43.237
            ],
            [
              3.845,
              43.2375
            ],
            [
              3.846,
              43.2375
            ],
            [
              3.8465000000000003,
              43.238
            ],
            [
              3.8470000000000004,
              43.2385
            ],
            [
              3.8480000000000003,
              43.2385
            ],
            [
              3.8485000000000005,
              43.239
            ],
            [
              3.849,
              43.2395
            ],
            [
              3.85,
              43.2395
            ],
            [
              3.851,
              43.2395
            ],
            [
              3.8520000000000003,
              43.2395
            ],
            [
              3.8525,
              43.24
            ],
            [
              3.853,
              43.2405
            ],
            [
              3.854,
              43.2405
            ],
            [
              3.8550000000000004,
              43.2405
            ],
            [
              3.8555,
              43.241
            ],
            [
              3.8560000000000003,
              43.2415
            ],
            [
              3.857,
              43.2415
            ],
            [
              3.8575,
              43.242
            ],
            [
              3.858,
              43.2425
            ],
            [
              3.859,
              43.2425
            ],
            [
              3.8600000000000003,
              43.2425
            ],
            [
              3.861,
              43.2425
            ],
            [
              3.862,
              43.2425
            ],
            [
              3.8630000000000004,
              43.2425
            ],
            [
              3.8640000000000003,
              43.2425
            ],
            [
              3.8645000000000005,
              43.243
            ],
            [
              3.865,
              43.2435
            ],
            [
              3.866,
              43.2435
            ],
            [
              3.867,
              43.2435
            ],
            [
              3.8680000000000003,
              43.2435
            ],
            [
              3.8685,
              43.244
            ],
            [
              3.869,
              43.2445
            ],
            [
              3.87,
              43.2445
            ],
            [
              3.8710000000000004,
              43.2445
            ],
            [
              3.8715,
              43.245
            ],
            [
              3.8720000000000003,
              43.2455
            ],
            [
              3.8725000000000005,
              43.246
            ],
            [
              3.873,
              43.2465
            ],
            [
              3.8735,
              43.247
            ],
            [
              3.874,
              43.2475
            ],
            [
              3.8745000000000003,
              43.248
            ],
            [
              3.8745000000000003,
              43.249
            ],
            [
              3.8745000000000003,
              43.25
            ],
            [
              3.875,
              43.2505
            ],
            [
              3.8755,
              43.251
            ],
            [
              3.8760000000000003,
              43.2515
            ],
            [
              3.8765,
              43.252
            ],
            [
              3.8770000000000002,
              43.2525
            ],
            [
              3.878,
              43.2525
            ],
            [
              3.8785000000000003,
              43.253
            ],
            [
              3.8790000000000004,
              43.2535
            ],
            [
              3.8800000000000003,
              43.2535
            ],
            [
              3.8810000000000002,
              43.2535
            ],
            [
              3.8815,
              43.254
            ],
            [
              3.882,
              43.2545
            ],
            [
              3.8825000000000003,
              43.255
            ],
            [
              3.883,
              43.2555
            ],
            [
              3.8840000000000003,
              43.2555
            ],
            [
              3.8850000000000002,
              43.2555
            ],
            [
              3.8855000000000004,
              43.256
            ],
            [
              3.886,
              43.2565
            ],
            [
              3.8870000000000005,
              43.2565
            ],
            [
              3.8875,
              43.257
            ],
            [
              3.8880000000000003,
              43.2575
            ],
            [
              3.8890000000000002,
              43.2575
            ],
            [
              3.89,
              43.2575
            ],
            [
              3.891,
              43.2575
            ],
            [
              3.8915,
              43.258
            ],
            [
              3.8920000000000003,
              43.2585
            ],
            [
              3.8930000000000002,
              43.2585
            ],
            [
              3.8935000000000004,
              43.259
            ],
            [
              3.894,
              43.2595
            ],
            [
              3.8950000000000005,
              43.2595
            ],
            [
              3.8960000000000004,
              43.2595
            ],
            [
              3.8970000000000002,
              43.2595
            ],
            [
              3.898,
              43.2595
            ],
            [
              3.899,
              43.2595
            ],
            [
              3.8995,
              43.259
            ],
            [
              3.9000000000000004,
              43.2585
            ],
            [
              3.9010000000000002,
              43.2585
            ],
            [
              3.902,
              43.2585
            ],
            [
              3.9025000000000003,
              43.259
            ],
            [
              3.9030000000000005,
              43.2595
            ],
            [
              3.904,
              43.2595
            ],
            [
              3.9045,
              43.26
            ],
            [
              3.9050000000000002,
              43.2605
            ],
            [
              3.906,
              43.2605
            ],
            [
              3.907,
              43.2605
            ],
            [
              3.9080000000000004,
              43.2605
            ],
            [
              3.9085,
              43.26
            ],
            [
              3.9090000000000003,
              43.2595
            ],
            [
              3.9095000000000004,
              43.259
            ],
            [
              3.91,
              43.2585
            ],
            [
              3.9110000000000005,
              43.2585
            ],
            [
              3.912,
              43.2585
            ],
            [
              3.9125,
              43.258
            ],
            [
              3.9130000000000003,
              43.2575
            ],
            [
              3.914,
              43.2575
            ],
            [
              3.915,
              43.2575
            ],
            [
              3.9160000000000004,
              43.2575
            ],
            [
              3.9170000000000003,
              43.2575
            ],
            [
              3.918,
              43.2575
            ],
            [
              3.9190000000000005,
              43.2575
            ],
            [
              3.92,
              43.2575
            ],
            [
              3.9210000000000003,
              43.2575
            ],
            [
              3.922,
              43.2575
            ],
            [
              3.923,
              43.2575
            ],
            [
              3.9235,
              43.258
            ],
            [
              3.9240000000000004,
              43.2585
            ],
            [
              3.9250000000000003,
              43.2585
            ],
            [
              3.926,
              43.2585
            ],
            [
              3.9270000000000005,
              43.2585
            ],
            [
              3.9275,
              43.259
            ],
            [
              3.928,
              43.2595
            ],
            [
              3.9290000000000003,
              43.2595
            ],
            [
              3.93,
              43.2595
            ],
            [
              3.931,
              43.2595
            ],
            [
              3.9320000000000004,
              43.2595
            ],
            [
              3.9330000000000003,
              43.2595
            ],
            [
              3.934,
              43.2595
            ],
            [
              3.9350000000000005,
              43.2595
            ],
            [
              3.936,
              43.2595
            ],
            [
              3.9365,
              43.26
            ],
            [
              3.9370000000000003,
              43.2605
            ],
            [
              3.9375,
              43.261
            ],
            [
              3.9375,
              43.262
            ],
            [
              3.938,
              43.2625
            ],
            [
              3.9385000000000003,
              43.263
            ],
            [
              3.939,
              43.2635
            ],
            [
              3.9395000000000002,
              43.264
            ],
            [
              3.9400000000000004,
              43.2645
            ],
            [
              3.9410000000000003,
              43.2645
            ],
            [
              3.942,
              43.2645
            ],
            [
              3.9430000000000005,
              43.2645
            ],
            [
              3.944,
              43.2645
            ],
            [
              3.9450000000000003,
              43.2645
            ],
            [
              3.9455,
              43.264
            ],
            [
              3.946,
              43.2635
            ],
            [
              3.947,
              43.2635
            ],
            [
              3.9480000000000004,
              43.2635
            ],
            [
              3.9490000000000003,
              43.2635
            ],
            [
              3.95,
              43.2635
            ],
            [
              3.9510000000000005,
              43.2635
            ],
            [
              3.9515000000000002,
              43.263
            ],
            [
              3.952,
              43.2625
            ],
            [
              3.9530000000000003,
              43.2625
            ],
            [
              3.954,
              43.2625
            ],
            [
              3.955,
              43.2625
            ],
            [
              3.9560000000000004,
              43.2625
            ],
            [
              3.9570000000000003,
              43.2625
            ],
            [
              3.958,
              43.2625
            ],
            [
              3.9585000000000004,
              43.263
            ],
            [
              3.9590000000000005,
              43.2635
            ],
            [
              3.96,
              43.2635
            ],
            [
              3.9610000000000003,
              43.2635
            ],
            [
              3.9615,
              43.264
            ],
            [
              3.962,
              43.2645
            ],
            [
              3.963,
              43.2645
            ],
            [
              3.9640000000000004,
              43.2645
            ],
            [
              3.9650000000000003,
              43.2645
            ],
            [
              3.966,
              43.2645
            ],
            [
              3.9665000000000004,
              43.264
            ],
            [
              3.9670000000000005,
              43.2635
            ],
            [
              3.968,
              43.2635
            ],
            [
              3.9690000000000003,
              43.2635
            ],
            [
              3.97,
              43.2635
            ],
            [
              3.971,
              43.2635
            ],
            [
              3.9720000000000004,
              43.2635
            ],
            [
              3.9730000000000003,
              43.2635
            ],
            [
              3.9735000000000005,
              43.264
            ],
            [
              3.974,
              43.2645
            ],
            [
              3.9750000000000005,
              43.2645
            ],
            [
              3.976,
              43.2645
            ],
            [
              3.9765,
              43.265
            ],
            [
              3.9770000000000003,
              43.2655
            ],
            [
              3.978,
              43.2655
            ],
            [
              3.979,
              43.2655
            ],
            [
              3.9800000000000004,
              43.2655
            ],
            [
              3.9810000000000003,
              43.2655
            ],
            [
              3.9815000000000005,
              43.265
            ],
            [
              3.982,
              43.2645
            ],
            [
              3.9830000000000005,
              43.2645
            ],
            [
              3.9835000000000003,
              43.264
            ],
            [
              3.984,
              43.2635
            ],
            [
              3.9850000000000003,
              43.2635
            ],
            [
              3.986,
              43.2635
            ],
            [
              3.987,
              43.2635
            ],
            [
              3.9880000000000004,
              43.2635
            ],
            [
              3.989,
              43.2635
            ],
            [
              3.99,
              43.2635
            ],
            [
              3.991,
              43.2635
            ],
            [
              3.992,
              43.2635
            ],
            [
              3.9930000000000003,
              43.2635
            ],
            [
              3.9935,
              43.263
            ],
            [
              3.994,
              43.2625
            ],
            [
              3.995,
              43.2625
            ],
            [
              3.9960000000000004,
              43.2625
            ],
            [
              3.997,
              43.2625
            ],
            [
              3.998,
              43.2625
            ],
            [
              3.999,
              43.2625
            ],
            [
              3.9995000000000003,
              43.262
            ],
            [
              4.0,
              43.2615
            ],
            [
              4.001,
              43.2615
            ],
            [
              4.002000000000001,
              43.2615
            ],
            [
              4.003,
              43.2615
            ],
            [
              4.003500000000001,
              43.261
            ],
            [
              4.0040000000000004,
              43.2605
            ],
            [
              4.005,
              43.2605
            ],
            [
              4.006,
              43.2605
            ],
            [
              4.007,
              43.2605
            ],
            [
              4.008,
              43.2605
            ],
            [
              4.009,
              43.2605
            ],
            [
              4.01,
              43.2605
            ],
            [
              4.0105,
              43.261
            ],
            [
              4.011,
              43.2615
            ],
            [
              4.0120000000000005,
              43.2615
            ],
            [
              4.0125,
              43.261
            ],
            [
              4.013,
              43.2605
            ],
            [
              4.014,
              43.2605
            ],
            [
              4.015000000000001,
              43.2605
            ],
            [
              4.016,
              43.2605
            ],
            [
              4.017,
              43.2605
            ],
            [
              4.018000000000001,
              43.2605
            ],
            [
              4.0185,
              43.26
            ],
            [
              4.019,
              43.2595
            ],
            [
              4.0200000000000005,
              43.2595
            ],
            [
              4.021,
              43.2595
            ],
            [
              4.022,
              43.2595
            ],
            [
              4.0225,
              43.259
            ],
            [
              4.023,
              43.2585
            ],
            [
              4.024,
              43.2585
            ],
            [
              4.025,
              43.2585
            ],
            [
              4.026,
              43.2585
            ],
            [
              4.027,
              43.2585
            ],
            [
              4.0275,
              43.258
            ],
            [
              4.0280000000000005,
              43.2575
            ],
            [
              4.029,
              43.2575
            ],
            [
              4.03,
              43.2575
            ],
            [
              4.0305,
              43.257
            ],
            [
              4.031000000000001,
              43.2565
            ],
            [
              4.032,
              43.2565
            ],
            [
              4.033,
              43.2565
            ],
            [
              4.0335,
              43.256
            ],
            [
              4.034000000000001,
              43.2555
            ],
            [
              4.035,
              43.2555
            ],
            [
              4.0360000000000005,
              43.2555
            ],
            [
              4.0365,
              43.255
            ],
            [
              4.037,
              43.2545
            ],
            [
              4.038,
              43.2545
            ],
            [
              4.0385,
              43.254
            ],
            [
              4.039,
              43.2535
            ],
            [
              4.04,
              43.2535
            ],
            [
              4.0405,
              43.253
            ],
            [
              4.041,
              43.2525
            ],
            [
              4.042,
              43.2525
            ],
            [
              4.043,
              43.2525
            ],
            [
              4.0435,
              43.252
            ],
            [
              4.0440000000000005,
              43.2515
            ],
            [
              4.045,
              43.2515
            ],
            [
              4.046,
              43.2515
            ],
            [
              4.047000000000001,
              43.2515
            ],
            [
              4.048,
              43.2515
            ],
            [
              4.048500000000001,
              43.252
            ],
            [
              4.049,
              43.2525
            ],
            [
              4.050000000000001,
              43.2525
            ],
            [
              4.051,
              43.2525
            ],
            [
              4.0520000000000005,
              43.2525
            ],
            [
              4.0525,
              43.252
            ],
            [
              4.053,
              43.2515
            ],
            [
              4.054,
              43.2515
            ],
            [
              4.0545,
              43.252
            ],
            [
              4.055,
              43.2525
            ],
            [
              4.056,
              43.2525
            ],
            [
              4.057,
              43.2525
            ],
            [
              4.0575,
              43.252
            ],
            [
              4.058,
              43.2515
            ],
            [
              4.0585,
              43.251
            ],
            [
              4.059,
              43.2505
            ],
            [
              4.0595,
              43.25
            ],
            [
              4.0600000000000005,
              43.2495
            ],
            [
              4.0605,
              43.249
            ],
            [
              4.061,
              43.2485
            ],
            [
              4.062,
              43.2485
            ],
            [
              4.063000000000001,
              43.2485
            ],
            [
              4.064,
              43.2485
            ],
            [
              4.065,
              43.2485
            ],
            [
              4.0655,
              43.248
            ],
            [
              4.066000000000001,
              43.2475
            ],
            [
              4.067,
              43.2475
            ],
            [
              4.067500000000001,
              43.247
            ],
            [
              4.0680000000000005,
              43.2465
            ],
            [
              4.069,
              43.2465
            ],
            [
              4.07,
              43.2465
            ],
            [
              4.071,
              43.2465
            ],
            [
              4.0715,
              43.246
            ],
            [
              4.072,
              43.2455
            ],
            [
              4.073,
              43.2455
            ],
            [
              4.074,
              43.2455
            ],
            [
              4.075,
              43.2455
            ],
            [
              4.0760000000000005,
              43.2455
            ],
            [
              4.077,
              43.2455
            ],
            [
              4.078,
              43.2455
            ],
            [
              4.079000000000001,
              43.2455
            ],
            [
              4.08,
              43.2455
            ],
            [
              4.081,
              43.2455
            ],
            [
              4.0815,
              43.245
            ],
            [
              4.082000000000001,
              43.2445
            ],
            [
              4.083,
              43.2445
            ],
            [
              4.083500000000001,
              43.244
            ],
            [
              4.0840000000000005,
              43.2435
            ],
            [
              4.085,
              43.2435
            ],
            [
              4.0855,
              43.243
            ],
            [
              4.086,
              43.2425
            ],
            [
              4.087,
              43.2425
            ],
            [
              4.0875,
              43.242
            ],
            [
              4.088,
              43.2415
            ],
            [
              4.0885,
              43.241
            ],
            [
              4.089,
              43.2405
            ],
            [
              4.09,
              43.2405
            ],
            [
              4.0905000000000005,
              43.24
            ],
            [
              4.091,
              43.2395
            ],
            [
              4.0920000000000005,
              43.2395
            ],
            [
              4.0925,
              43.239
            ],
            [
              4.093,
              43.2385
            ],
            [
              4.094,
              43.2385
            ],
            [
              4.095000000000001,
              43.2385
            ],
            [
              4.0955,
              43.238
            ],
            [
              4.096,
              43.2375
            ],
            [
              4.097,
              43.2375
            ],
            [
              4.098000000000001,
              43.2375
            ],
            [
              4.099,
              43.2375
            ],
            [
              4.1000000000000005,
              43.2375
            ],
            [
              4.101,
              43.2375
            ],
            [
              4.102,
              43.2375
            ],
            [
              4.103,
              43.2375
            ],
            [
              4.1035,
              43.238
            ],
            [
              4.104,
              43.2385
            ],
            [
              4.105,
              43.2385
            ],
            [
              4.1055,
              43.238
            ],
            [
              4.106,
              43.2375
            ],
            [
              4.107,
              43.2375
            ],
            [
              4.1075,
              43.237
            ],
            [
              4.1080000000000005,
              43.2365
            ],
            [
              4.109,
              43.2365
            ],
            [
              4.11,
              43.2365
            ],
            [
              4.1105,
              43.236
            ],
            [
              4.111000000000001,
              43.2355
            ],
            [
              4.112,
              43.2355
            ],
            [
              4.112500000000001,
              43.235
            ],
            [
              4.113,
              43.2345
            ],
            [
              4.114000000000001,
              43.2345
            ],
            [
              4.1145000000000005,
              43.234
            ],
            [
              4.115,
              43.23350000000001
            ],
            [
              4.116,
              43.23350000000001
            ],
            [
              4.117,
              43.23350000000001
            ],
            [
              4.1175,
              43.233000000000004
            ],
            [
              4.118,
              43.2325
            ],
            [
              4.119,
              43.2325
            ],
            [
              4.1195,
              43.232
            ],
            [
              4.12,
              43.2315
            ],
            [
              4.121,
              43.2315
            ],
            [
              4.122,
              43.2315
            ],
            [
              4.123,
              43.2315
            ],
            [
              4.1240000000000006,
              43.2315
            ],
            [
              4.125,
              43.2315
            ],
            [
              4.126,
              43.2315
            ],
            [
              4.1265,
              43.231
            ],
            [
              4.127000000000001,
              43.230500000000006
            ],
            [
              4.128,
              43.230500000000006
            ],
            [
              4.128500000000001,
              43.230000000000004
            ],
            [
              4.1290000000000004,
              43.2295
            ],
            [
              4.13,
              43.2295
            ],
            [
              4.131,
              43.2295
            ],
            [
              4.132,
              43.2295
            ],
            [
              4.133,
              43.2295
            ],
            [
              4.1335,
              43.229
            ],
            [
              4.134,
              43.2285
            ],
            [
              4.135,
              43.2285
            ],
            [
              4.1355,
              43.228
            ],
            [
              4.136,
              43.227500000000006
            ],
            [
              4.1370000000000005,
              43.227500000000006
            ],
            [
              4.1375,
              43.227000000000004
            ],
            [
              4.138,
              43.2265
            ],
            [
              4.139,
              43.2265
            ],
            [
              4.140000000000001,
              43.2265
            ],
            [
              4.1405,
              43.226
            ],
            [
              4.141,
              43.2255
            ],
            [
              4.142,
              43.2255
            ],
            [
              4.1425,
              43.226
            ],
            [
              4.143000000000001,
              43.2265
            ],
            [
              4.144,
              43.2265
            ],
            [
              4.1450000000000005,
              43.2265
            ],
            [
              4.146,
              43.2265
            ],
            [
              4.147,
              43.2265
            ],
            [
              4.148,
              43.2265
            ],
            [
              4.1485,
              43.226
            ],
            [
              4.149,
              43.2255
            ],
            [
              4.1495,
              43.225
            ],
            [
              4.15,
              43.224500000000006
            ],
            [
              4.1505,
              43.224000000000004
            ],
            [
              4.151,
              43.2235
            ],
            [
              4.152,
              43.2235
            ],
            [
              4.1525,
              43.223
            ],
            [
              4.1530000000000005,
              43.2225
            ],
            [
              4.154,
              43.2225
            ],
            [
              4.155,
              43.2225
            ],
            [
              4.1555,
              43.222
            ],
            [
              4.156000000000001,
              43.221500000000006
            ],
            [
              4.157,
              43.221500000000006
            ],
            [
              4.157500000000001,
              43.221000000000004
            ],
            [
              4.158,
              43.2205
            ],
            [
              4.159000000000001,
              43.2205
            ],
            [
              4.1595,
              43.22
            ],
            [
              4.16,
              43.2195
            ],
            [
              4.1610000000000005,
              43.2195
            ],
            [
              4.162,
              43.2195
            ],
            [
              4.1625,
              43.219
            ],
            [
              4.163,
              43.218500000000006
            ],
            [
              4.164,
              43.218500000000006
            ],
            [
              4.165,
              43.218500000000006
            ],
            [
              4.1655,
              43.218
            ],
            [
              4.166,
              43.2175
            ],
            [
              4.167,
              43.2175
            ],
            [
              4.1675,
              43.218
            ],
            [
              4.168,
              43.218500000000006
            ],
            [
              4.1690000000000005,
              43.218500000000006
            ],
            [
              4.1695,
              43.218
            ],
            [
              4.17,
              43.2175
            ],
            [
              4.1705000000000005,
              43.217
            ],
            [
              4.171,
              43.216499999999996
            ],
            [
              4.172000000000001,
              43.216499999999996
            ],
            [
              4.1725,
              43.216
            ],
            [
              4.173,
              43.215500000000006
            ],
            [
              4.174,
              43.215500000000006
            ],
            [
              4.175000000000001,
              43.215500000000006
            ],
            [
              4.1755,
              43.215
            ],
            [
              4.176,
              43.2145
            ],
            [
              4.1770000000000005,
              43.2145
            ],
            [
              4.1775,
              43.214
            ],
            [
              4.178,
              43.213499999999996
            ],
            [
              4.179,
              43.213499999999996
            ],
            [
              4.1795,
              43.213
            ],
            [
              4.18,
              43.212500000000006
            ],
            [
              4.181,
              43.212500000000006
            ],
            [
              4.182,
              43.212500000000006
            ],
            [
              4.183,
              43.212500000000006
            ],
            [
              4.184,
              43.212500000000006
            ],
            [
              4.1845,
              43.212
            ],
            [
              4.1850000000000005,
              43.2115
            ],
            [
              4.186,
              43.2115
            ],
            [
              4.1865000000000006,
              43.211
            ],
            [
              4.187,
              43.210499999999996
            ],
            [
              4.188000000000001,
              43.210499999999996
            ],
            [
              4.189,
              43.210499999999996
            ],
            [
              4.19,
              43.210499999999996
            ],
            [
              4.191000000000001,
              43.210499999999996
            ],
            [
              4.192,
              43.210499999999996
            ],
            [
              4.192500000000001,
              43.21
            ],
            [
              4.1930000000000005,
              43.209500000000006
            ],
            [
              4.194,
              43.209500000000006
            ],
            [
              4.195,
              43.209500000000006
            ],
            [
              4.1955,
              43.209
            ],
            [
              4.196,
              43.2085
            ],
            [
              4.197,
              43.2085
            ],
            [
              4.1975,
              43.208
            ],
            [
              4.198,
              43.207499999999996
            ],
            [
              4.199,
              43.207499999999996
            ],
            [
              4.1995000000000005,
              43.207
            ],
            [
              4.2,
              43.206500000000005
            ],
            [
              4.2005,
              43.206
            ],
            [
              4.2010000000000005,
              43.2055
            ],
            [
              4.202,
              43.2055
            ],
            [
              4.203,
              43.2055
            ],
            [
              4.204000000000001,
              43.2055
            ],
            [
              4.205,
              43.2055
            ],
            [
              4.206,
              43.2055
            ],
            [
              4.207000000000001,
              43.2055
            ],
            [
              4.208,
              43.2055
            ],
            [
              4.2090000000000005,
              43.2055
            ],
            [
              4.2095,
              43.205
            ],
            [
              4.21,
              43.204499999999996
            ],
            [
              4.2105,
              43.204
            ],
            [
              4.211,
              43.203500000000005
            ],
            [
              4.2115,
              43.203
            ],
            [
              4.212,
              43.2025
            ],
            [
              4.213,
              43.2025
            ],
            [
              4.214,
              43.2025
            ],
            [
              4.215,
              43.2025
            ],
            [
              4.216,
              43.2025
            ],
            [
              4.2165,
              43.202
            ],
            [
              4.2170000000000005,
              43.201499999999996
            ],
            [
              4.2175,
              43.201
            ],
            [
              4.2175,
              43.2
            ],
            [
              4.218,
              43.1995
            ],
            [
              4.218500000000001,
              43.199
            ],
            [
              4.219,
              43.198499999999996
            ],
            [
              4.220000000000001,
              43.198499999999996
            ],
            [
              4.2205,
              43.198
            ],
            [
              4.221,
              43.197500000000005
            ],
            [
              4.222,
              43.197500000000005
            ],
            [
              4.223000000000001,
              43.197500000000005
            ],
            [
              4.224,
              43.197500000000005
            ],
            [
              4.224500000000001,
              43.197
            ],
            [
              4.2250000000000005,
              43.1965
            ],
            [
              4.226,
              43.1965
            ],
            [
              4.2265,
              43.196
            ],
            [
              4.227,
              43.195499999999996
            ],
            [
              4.228,
              43.195499999999996
            ],
            [
              4.229,
              43.195499999999996
            ],
            [
              4.23,
              43.195499999999996
            ],
            [
              4.2305,
              43.195
            ],
            [
              4.231,
              43.194500000000005
            ],
            [
              4.2315000000000005,
              43.194
            ],
            [
              4.232,
              43.1935
            ],
            [
              4.2330000000000005,
              43.1935
            ],
            [
              4.234,
              43.1935
            ],
            [
              4.235,
              43.1935
            ],
            [
              4.2355,
              43.193
            ],
            [
              4.236000000000001,
              43.192499999999995
            ],
            [
              4.2365,
              43.192
            ],
            [
              4.237,
              43.191500000000005
            ],
            [
              4.237500000000001,
              43.191
            ],
            [
              4.238,
              43.1905
            ],
            [
              4.2385,
              43.19
            ],
            [
              4.239000000000001,
              43.189499999999995
            ],
            [
              4.24,
              43.189499999999995
            ],
            [
              4.240500000000001,
              43.189
            ],
            [
              4.2410000000000005,
              43.188500000000005
            ],
            [
              4.2415,
              43.188
            ],
            [
              4.242,
              43.1875
            ],
            [
              4.2425,
              43.187
            ],
            [
              4.243,
              43.186499999999995
            ],
            [
              4.2435,
              43.186
            ],
            [
              4.2435,
              43.185
            ],
            [
              4.244,
              43.1845
            ],
            [
              4.2445,
              43.184
            ],
            [
              4.245,
              43.183499999999995
            ],
            [
              4.2455,
              43.183
            ],
            [
              4.246,
              43.182500000000005
            ],
            [
              4.2465,
              43.182
            ],
            [
              4.247,
              43.1815
            ],
            [
              4.248,
              43.1815
            ],
            [
              4.2485,
              43.181
            ],
            [
              4.2490000000000006,
              43.180499999999995
            ],
            [
              4.2495,
              43.18
            ],
            [
              4.25,
              43.179500000000004
            ],
            [
              4.251,
              43.179500000000004
            ],
            [
              4.2515,
              43.179
            ],
            [
              4.252000000000001,
              43.1785
            ],
            [
              4.2525,
              43.178
            ],
            [
              4.253,
              43.177499999999995
            ],
            [
              4.253500000000001,
              43.177
            ],
            [
              4.2540000000000004,
              43.176500000000004
            ],
            [
              4.2545,
              43.176
            ],
            [
              4.255,
              43.1755
            ],
            [
              4.2555,
              43.175
            ],
            [
              4.2555,
              43.174
            ],
            [
              4.256,
              43.173500000000004
            ],
            [
              4.257,
              43.173500000000004
            ],
            [
              4.2575,
              43.173
            ],
            [
              4.258,
              43.1725
            ],
            [
              4.259,
              43.1725
            ],
            [
              4.2595,
              43.172
            ],
            [
              4.26,
              43.171499999999995
            ],
            [
              4.261,
              43.171499999999995
            ],
            [
              4.2615,
              43.171
            ],
            [
              4.2620000000000005,
              43.170500000000004
            ],
            [
              4.263,
              43.170500000000004
            ],
            [
              4.2635000000000005,
              43.17
            ],
            [
              4.264,
              43.1695
            ],
            [
              4.265000000000001,
              43.1695
            ],
            [
              4.2655,
              43.169
            ],
            [
              4.266,
              43.168499999999995
            ],
            [
              4.267,
              43.168499999999995
            ],
            [
              4.2675,
              43.168
            ],
            [
              4.268000000000001,
              43.167500000000004
            ],
            [
              4.2685,
              43.167
            ],
            [
              4.269,
              43.1665
            ],
            [
              4.269500000000001,
              43.166000000000004
            ],
            [
              4.2700000000000005,
              43.1655
            ],
            [
              4.2705,
              43.165
            ],
            [
              4.271,
              43.164500000000004
            ],
            [
              4.2715,
              43.164
            ],
            [
              4.272,
              43.1635
            ],
            [
              4.273,
              43.1635
            ],
            [
              4.2735,
              43.163000000000004
            ],
            [
              4.274,
              43.1625
            ],
            [
              4.2745,
              43.162
            ],
            [
              4.275,
              43.161500000000004
            ],
            [
              4.2755,
              43.161
            ],
            [
              4.276,
              43.1605
            ],
            [
              4.2765,
              43.160000000000004
            ],
            [
              4.277,
              43.1595
            ],
            [
              4.2775,
              43.159
            ],
            [
              4.2780000000000005,
              43.158500000000004
            ],
            [
              4.2785,
              43.158
            ],
            [
              4.2785,
              43.157000000000004
            ],
            [
              4.279,
              43.1565
            ],
            [
              4.2795000000000005,
              43.156
            ],
            [
              4.28,
              43.1555
            ],
            [
              4.2805,
              43.155
            ],
            [
              4.281000000000001,
              43.1545
            ],
            [
              4.2815,
              43.154
            ],
            [
              4.282,
              43.1535
            ],
            [
              4.282500000000001,
              43.153
            ],
            [
              4.283,
              43.1525
            ],
            [
              4.2835,
              43.152
            ],
            [
              4.284000000000001,
              43.1515
            ],
            [
              4.2845,
              43.151
            ],
            [
              4.285,
              43.1505
            ],
            [
              4.285500000000001,
              43.15
            ],
            [
              4.2860000000000005,
              43.1495
            ],
            [
              4.2865,
              43.149
            ],
            [
              4.287,
              43.1485
            ],
            [
              4.288,
              43.1485
            ],
            [
              4.2885,
              43.148
            ],
            [
              4.289,
              43.1475
            ],
            [
              4.2895,
              43.147
            ],
            [
              4.29,
              43.1465
            ],
            [
              4.2905,
              43.146
            ],
            [
              4.291,
              43.1455
            ],
            [
              4.2915,
              43.145
            ],
            [
              4.2915,
              43.144
            ],
            [
              4.292,
              43.1435
            ],
            [
              4.2925,
              43.143
            ],
            [
              4.2925,
              43.142
            ],
            [
              4.293,
              43.1415
            ],
            [
              4.2935,
              43.141
            ],
            [
              4.2935,
              43.14
            ],
            [
              4.2940000000000005,
              43.1395
            ],
            [
              4.2945,
              43.139
            ],
            [
              4.295,
              43.1385
            ],
            [
              4.2955000000000005,
              43.138
            ],
            [
              4.2955000000000005,
              43.137
            ],
            [
              4.296,
              43.1365
            ],
            [
              4.2965,
              43.136
            ],
            [
              4.297000000000001,
              43.1355
            ],
            [
              4.2975,
              43.135
            ],
            [
              4.2975,
              43.134
            ],
            [
              4.298,
              43.1335
            ],
            [
              4.298500000000001,
              43.133
            ],
            [
              4.299,
              43.1325
            ],
            [
              4.2995,
              43.132
            ],
            [
              4.300000000000001,
              43.1315
            ],
            [
              4.3005,
              43.131
            ],
            [
              4.3005,
              43.13
            ],
            [
              4.3005,
              43.129
            ],
            [
              4.301,
              43.1285
            ],
            [
              4.301500000000001,
              43.128
            ],
            [
              4.3020000000000005,
              43.1275
            ],
            [
              4.3025,
              43.127
            ],
            [
              4.3025,
              43.126
            ],
            [
              4.303,
              43.1255
            ],
            [
              4.3035,
              43.125
            ],
            [
              4.304,
              43.1245
            ],
            [
              4.3045,
              43.124
            ],
            [
              4.305,
              43.1235
            ],
            [
              4.3055,
              43.123
            ],
            [
              4.306,
              43.1225
            ],
            [
              4.3065,
              43.122
            ],
            [
              4.3065,
              43.121
            ],
            [
              4.307,
              43.1205
            ],
            [
              4.3075,
              43.12
            ],
            [
              4.308,
              43.1195
            ],
            [
              4.3085,
              43.119
            ],
            [
              4.309,
              43.1185
            ],
            [
              4.3100000000000005,
              43.1185
            ],
            [
              4.3105,
              43.118
            ],
            [
              4.311,
              43.1175
            ],
            [
              4.3115000000000006,
              43.117
            ],
            [
              4.312,
              43.1165
            ],
            [
              4.313000000000001,
              43.1165
            ],
            [
              4.3135,
              43.116
            ],
            [
              4.314,
              43.1155
            ],
            [
              4.315,
              43.1155
            ],
            [
              4.3155,
              43.115
            ],
            [
              4.316000000000001,
              43.1145
            ],
            [
              4.3165000000000004,
              43.114
            ],
            [
              4.3165000000000004,
              43.113
            ],
            [
              4.317,
              43.1125
            ],
            [
              4.317500000000001,
              43.112
            ],
            [
              4.317500000000001,
              43.111
            ],
            [
              4.3180000000000005,
              43.1105
            ],
            [
              4.3185,
              43.11
            ],
            [
              4.3185,
              43.109
            ],
            [
              4.319,
              43.10850000000001
            ],
            [
              4.3195,
              43.108000000000004
            ],
            [
              4.32,
              43.1075
            ],
            [
              4.3205,
              43.107
            ],
            [
              4.3205,
              43.106
            ],
            [
              4.321,
              43.105500000000006
            ],
            [
              4.3215,
              43.105000000000004
            ],
            [
              4.322,
              43.1045
            ],
            [
              4.3225,
              43.104
            ],
            [
              4.323,
              43.1035
            ],
            [
              4.3235,
              43.103
            ],
            [
              4.3235,
              43.102000000000004
            ],
            [
              4.3235,
              43.101
            ],
            [
              4.324,
              43.1005
            ],
            [
              4.3245000000000005,
              43.1
            ],
            [
              4.324,
              43.099500000000006
            ],
            [
              4.3235,
              43.099000000000004
            ],
            [
              4.3235,
              43.098
            ],
            [
              4.3235,
              43.097
            ],
            [
              4.3235,
              43.096000000000004
            ],
            [
              4.323,
              43.0955
            ],
            [
              4.3225,
              43.095
            ],
            [
              4.3225,
              43.094
            ],
            [
              4.3225,
              43.093
            ],
            [
              4.322,
              43.0925
            ],
            [
              4.3215,
              43.092
            ],
            [
              4.3215,
              43.091
            ],
            [
              4.321,
              43.090500000000006
            ],
            [
              4.3205,
              43.09
            ],
            [
              4.3205,
              43.089
            ],
            [
              4.3205,
              43.088
            ],
            [
              4.32,
              43.087500000000006
            ],
            [
              4.3195,
              43.087
            ],
            [
              4.3195,
              43.086
            ],
            [
              4.319,
              43.085499999999996
            ],
            [
              4.3185,
              43.085
            ],
            [
              4.3185,
              43.084
            ],
            [
              4.3185,
              43.083
            ],
            [
              4.3180000000000005,
              43.082499999999996
            ],
            [
              4.317500000000001,
              43.082
            ],
            [
              4.317,
              43.081500000000005
            ],
            [
              4.3165000000000004,
              43.081
            ],
            [
              4.3165000000000004,
              43.08
            ],
            [
              4.316000000000001,
              43.079499999999996
            ],
            [
              4.3155,
              43.079
            ],
            [
              4.315,
              43.078500000000005
            ],
            [
              4.314500000000001,
              43.078
            ],
            [
              4.314500000000001,
              43.077
            ],
            [
              4.314500000000001,
              43.076
            ],
            [
              4.314500000000001,
              43.075
            ],
            [
              4.315,
              43.0745
            ],
            [
              4.3155,
              43.074
            ],
            [
              4.3155,
              43.073
            ],
            [
              4.3155,
              43.072
            ],
            [
              4.316000000000001,
              43.0715
            ],
            [
              4.3165000000000004,
              43.071
            ],
            [
              4.3165000000000004,
              43.07
            ],
            [
              4.317,
              43.069500000000005
            ],
            [
              4.317500000000001,
              43.069
            ],
            [
              4.317500000000001,
              43.068
            ],
            [
              4.317500000000001,
              43.067
            ],
            [
              4.317500000000001,
              43.066
            ],
            [
              4.317,
              43.0655
            ],
            [
              4.3165000000000004,
              43.065
            ],
            [
              4.3165000000000004,
              43.064
            ],
            [
              4.316000000000001,
              43.063500000000005
            ],
            [
              4.3155,
              43.063
            ],
            [
              4.3155,
              43.062
            ],
            [
              4.315,
              43.061499999999995
            ],
            [
              4.314500000000001,
              43.061
            ],
            [
              4.314,
              43.060500000000005
            ],
            [
              4.3135,
              43.06
            ],
            [
              4.313000000000001,
              43.0595
            ],
            [
              4.3125,
              43.059
            ],
            [
              4.3125,
              43.058
            ],
            [
              4.312,
              43.057500000000005
            ],
            [
              4.3115000000000006,
              43.057
            ],
            [
              4.3115000000000006,
              43.056
            ],
            [
              4.311,
              43.055499999999995
            ],
            [
              4.3105,
              43.055
            ],
            [
              4.3100000000000005,
              43.054500000000004
            ],
            [
              4.3095,
              43.054
            ],
            [
              4.309,
              43.0535
            ],
            [
              4.3085,
              43.053
            ],
            [
              4.308,
              43.052499999999995
            ],
            [
              4.3075,
              43.052
            ],
            [
              4.307,
              43.051500000000004
            ],
            [
              4.3065,
              43.051
            ],
            [
              4.306,
              43.0505
            ],
            [
              4.305,
              43.0505
            ],
            [
              4.3045,
              43.05
            ],
            [
              4.304,
              43.049499999999995
            ],
            [
              4.3035,
              43.049
            ],
            [
              4.303,
              43.048500000000004
            ],
            [
              4.3025,
              43.048
            ],
            [
              4.3020000000000005,
              43.0475
            ],
            [
              4.301500000000001,
              43.047
            ],
            [
              4.301,
              43.046499999999995
            ],
            [
              4.3005,
              43.046
            ],
            [
              4.300000000000001,
              43.045500000000004
            ],
            [
              4.2995,
              43.045
            ],
            [
              4.299,
              43.0445
            ],
            [
              4.298500000000001,
              43.044
            ],
            [
              4.298,
              43.043499999999995
            ],
            [
              4.2975,
              43.043
            ],
            [
              4.2975,
              43.042
            ],
            [
              4.2975,
              43.041000000000004
            ],
            [
              4.2975,
              43.04
            ],
            [
              4.2975,
              43.039
            ],
            [
              4.298,
              43.0385
            ],
            [
              4.299,
              43.0385
            ],
            [
              4.2995,
              43.039
            ],
            [
              4.300000000000001,
              43.039500000000004
            ],
            [
              4.3005,
              43.04
            ],
            [
              4.301,
              43.0405
            ],
            [
              4.3020000000000005,
              43.0405
            ],
            [
              4.3025,
              43.041000000000004
            ],
            [
              4.303,
              43.0415
            ],
            [
              4.3035,
              43.042
            ],
            [
              4.304,
              43.042500000000004
            ],
            [
              4.305,
              43.042500000000004
            ],
            [
              4.306,
              43.042500000000004
            ],
            [
              4.3065,
              43.043
            ],
            [
              4.307,
              43.043499999999995
            ],
            [
              4.3075,
              43.044
            ],
            [
              4.308,
              43.0445
            ],
            [
              4.309,
              43.0445
            ],
            [
              4.3095,
              43.045
            ],
            [
              4.3095,
              43.046
            ],
            [
              4.3100000000000005,
              43.046499999999995
            ],
            [
              4.3105,
              43.047
            ],
            [
              4.311,
              43.0475
            ],
            [
              4.3115000000000006,
              43.048
            ],
            [
              4.312,
              43.048500000000004
            ],
            [
              4.3125,
              43.049
            ],
            [
              4.313000000000001,
              43.049499999999995
            ],
            [
              4.3135,
              43.05
            ],
            [
              4.314,
              43.0505
            ],
            [
              4.314500000000001,
              43.051
            ],
            [
              4.314500000000001,
              43.052
            ],
            [
              4.315,
              43.052499999999995
            ],
            [
              4.3155,
              43.053
            ],
            [
              4.3155,
              43.054
            ],
            [
              4.316000000000001,
              43.054500000000004
            ],
            [
              4.3165000000000004,
              43.055
            ],
            [
              4.3165000000000004,
              43.056
            ],
            [
              4.317,
              43.0565
            ],
            [
              4.317500000000001,
              43.057
            ],
            [
              4.3180000000000005,
              43.057500000000005
            ],
            [
              4.3185,
              43.058
            ],
            [
              4.319,
              43.058499999999995
            ],
            [
              4.32,
              43.058499999999995
            ],
            [
              4.321,
              43.058499999999995
            ],
            [
              4.322,
              43.058499999999995
            ],
            [
              4.3225,
              43.059
            ],
            [
              4.323,
              43.0595
            ],
            [
              4.324,
              43.0595
            ],
            [
              4.3245000000000005,
              43.06
            ],
            [
              4.3245000000000005,
              43.061
            ],
            [
              4.325,
              43.061499999999995
            ],
            [
              4.3255,
              43.062
            ],
            [
              4.3255,
              43.063
            ],
            [
              4.3260000000000005,
              43.063500000000005
            ],
            [
              4.327,
              43.063500000000005
            ],
            [
              4.327500000000001,
              43.064
            ],
            [
              4.328,
              43.064499999999995
            ],
            [
              4.329000000000001,
              43.064499999999995
            ],
            [
              4.33,
              43.064499999999995
            ],
            [
              4.331,
              43.064499999999995
            ],
            [
              4.3315,
              43.065
            ],
            [
              4.332000000000001,
              43.0655
            ],
            [
              4.3325000000000005,
              43.066
            ],
            [
              4.333,
              43.066500000000005
            ],
            [
              4.333333333333333,
              43.066833333333335
            ],
            [
              4.333333333333333,
              42.953500000000005
            ],
            [
              4.333,
              42.953500000000005
            ]
          ]
        ]
      }
    }
  ]
}